Posting Date;Simplified Description;Transaction Description;Reference;Additional Information;Transaction Type;Category;Subcategory;Debit;Credit;Transaction Date;Value Date;Reconciliation Flag
28/06/2026;HORIZON WORKSHOP DEMO;SEPA TRANSFER HORIZON WORKSHOP SALARY 2026-06;DEMO202606000410;NET SALARY 2026-06 - FICTIONAL DATA;Incoming Bank Transfer;Salary & Income;Salary;;+2980,00;28/06/2026;28/06/2026;0
27/06/2026;INTERMARCHE;CARD INTERMARCHE PURCHASE 260626;DEMO202606000428;;Card Payment;Food;Supermarket;-47,34;;26/06/2026;27/06/2026;0
26/06/2026;UBER;CARD UBER TRIP PURCHASE 250626;DEMO202606000432;;Card Payment;Transportation;Taxi & Ride-Hailing;-11,97;;25/06/2026;26/06/2026;0
24/06/2026;NAVIGO;SEPA DIRECT DEBIT NAVIGO 2026-06;DEMO202606000421;DEMO SUBSCRIPTION;Direct Debit;Transportation;Public Transportation;-86,40;;24/06/2026;24/06/2026;0
23/06/2026;CENTRAL BISTRO;CARD CENTRAL BISTRO PURCHASE 220626;DEMO202606000430;;Card Payment;Food;Restaurants & Cafes;-41,26;;22/06/2026;23/06/2026;0
21/06/2026;BASIC FIT;SEPA DIRECT DEBIT BASIC FIT 2026-06;DEMO202606000420;DEMO SUBSCRIPTION;Direct Debit;Health & Wellness;Sports & Fitness;-24,99;;21/06/2026;21/06/2026;0
21/06/2026;BASIC FIT;SEPA DIRECT DEBIT BASIC FIT DUPLICATE DEMO;DEMO202606000441;INTENTIONAL DUPLICATE FOR DEMONSTRATION;Direct Debit;Health & Wellness;Sports & Fitness;-24,99;;21/06/2026;21/06/2026;0
21/06/2026;MONOPRIX;CARD MONOPRIX PURCHASE 200626;DEMO202606000427;;Card Payment;Food;Supermarket;-68,40;;20/06/2026;21/06/2026;0
20/06/2026;FREELANCE ASSIGNMENT DEMO;SEPA TRANSFER FREELANCE ASSIGNMENT DEMO;DEMO202606000411;QUARTERLY ASSIGNMENT 2026-06;Incoming Bank Transfer;Salary & Income;Additional Income;;+638,85;20/06/2026;20/06/2026;0
19/06/2026;GROUP REFUND DEMO;SEPA TRANSFER GROUP REFUND DEMO;DEMO202606000434;FICTIONAL EXPENSE SHARING;Incoming Bank Transfer;Transfers;Reimbursement Between Friends & Family;;+48,01;19/06/2026;19/06/2026;0
19/06/2026;OPENAI CHATGPT;CARD OPENAI CHATGPT 2026-06;DEMO202606000419;DEMO SUBSCRIPTION;Card Payment;Shopping & Services;Digital Services;-23,00;;18/06/2026;19/06/2026;0
18/06/2026;BANK FEES;DEMO PACKAGE FEE;DEMO202606000422;;Bank Fees;Banking & Insurance;Bank Fees;-9,90;;18/06/2026;18/06/2026;0
18/06/2026;FEE REBATE;DEMO PACKAGE SERVICES REBATE;DEMO202606000423;;Bank Fees;Banking & Insurance;Bank Fees;;+4,95;18/06/2026;18/06/2026;0
17/06/2026;NETFLIX;CARD NETFLIX 2026-06;DEMO202606000418;DEMO SUBSCRIPTION;Card Payment;Leisure & Travel;Video Streaming;-13,49;;16/06/2026;17/06/2026;0
15/06/2026;INTERMARCHE;CARD INTERMARCHE PURCHASE 140626;DEMO202606000426;;Card Payment;Food;Supermarket;-72,30;;14/06/2026;15/06/2026;0
15/06/2026;SPOTIFY;CARD SPOTIFY 2026-06;DEMO202606000417;DEMO SUBSCRIPTION;Card Payment;Leisure & Travel;Music;-11,12;;14/06/2026;15/06/2026;0
14/06/2026;AMAZON DEMO;CARD AMAZON DEMO PURCHASE 130626;DEMO202606000433;;Card Payment;Shopping & Services;Shopping & Services - Other;-126,03;;13/06/2026;14/06/2026;0
12/06/2026;SERENITY INSURANCE;SEPA DIRECT DEBIT SERENITY INSURANCE 2026-06;DEMO202606000416;DEMO SUBSCRIPTION;Direct Debit;Banking & Insurance;Home Insurance;-38,60;;12/06/2026;12/06/2026;0
11/06/2026;MOBILE NOVA;SEPA DIRECT DEBIT MOBILE NOVA 2026-06;DEMO202606000415;DEMO SUBSCRIPTION;Direct Debit;Phone & Internet;Mobile Phone;-14,99;;11/06/2026;11/06/2026;0
11/06/2026;UBER;CARD UBER TRIP PURCHASE 100626;DEMO202606000431;;Card Payment;Transportation;Taxi & Ride-Hailing;-24,65;;10/06/2026;11/06/2026;0
09/06/2026;NOVA FIBER;SEPA DIRECT DEBIT NOVA FIBER 2026-06;DEMO202606000414;DEMO SUBSCRIPTION;Direct Debit;Phone & Internet;Internet;-29,99;;09/06/2026;09/06/2026;0
09/06/2026;INTERMARCHE;CARD INTERMARCHE PURCHASE 080626;DEMO202606000425;;Card Payment;Food;Supermarket;-51,15;;08/06/2026;09/06/2026;0
07/06/2026;CLEAR ENERGY;SEPA DIRECT DEBIT CLEAR ENERGY 2026-06;DEMO202606000413;NEW DEMO ENERGY RATE;Direct Debit;Housing & Real Estate;Electricity, Gas & Water;-98,00;;07/06/2026;07/06/2026;0
07/06/2026;CENTRAL BISTRO;CARD CENTRAL BISTRO PURCHASE 060626;DEMO202606000429;;Card Payment;Food;Restaurants & Cafes;-48,96;;06/06/2026;07/06/2026;0
03/06/2026;LILAC RESIDENCE;SEPA TRANSFER RENT 2026-06;DEMO202606000412;RENT AND SERVICE CHARGES - FICTIONAL DATA;Bank Transfer;Housing & Real Estate;Rent & Service Charges;-820,00;;03/06/2026;03/06/2026;0
03/06/2026;CARREFOUR CITY;CARD CARREFOUR CITY PURCHASE 020626;DEMO202606000424;;Card Payment;Food;Supermarket;-105,70;;02/06/2026;03/06/2026;0
28/05/2026;HORIZON WORKSHOP DEMO;SEPA TRANSFER HORIZON WORKSHOP SALARY 2026-05;DEMO202605000386;NET SALARY 2026-05 - FICTIONAL DATA;Incoming Bank Transfer;Salary & Income;Salary;;+2980,00;28/05/2026;28/05/2026;0
27/05/2026;MONOPRIX;CARD MONOPRIX PURCHASE 260526;DEMO202605000403;;Card Payment;Food;Supermarket;-101,00;;26/05/2026;27/05/2026;0
26/05/2026;UBER;CARD UBER TRIP PURCHASE 250526;DEMO202605000407;;Card Payment;Transportation;Taxi & Ride-Hailing;-11,28;;25/05/2026;26/05/2026;0
24/05/2026;NAVIGO;SEPA DIRECT DEBIT NAVIGO 2026-05;DEMO202605000396;DEMO SUBSCRIPTION;Direct Debit;Transportation;Public Transportation;-86,40;;24/05/2026;24/05/2026;0
23/05/2026;REPUBLIC CAFE;CARD REPUBLIC CAFE PURCHASE 220526;DEMO202605000405;;Card Payment;Food;Restaurants & Cafes;-18,44;;22/05/2026;23/05/2026;0
21/05/2026;BASIC FIT;SEPA DIRECT DEBIT BASIC FIT 2026-05;DEMO202605000395;DEMO SUBSCRIPTION;Direct Debit;Health & Wellness;Sports & Fitness;-24,99;;21/05/2026;21/05/2026;0
21/05/2026;INTERMARCHE;CARD INTERMARCHE PURCHASE 200526;DEMO202605000402;;Card Payment;Food;Supermarket;-49,06;;20/05/2026;21/05/2026;0
19/05/2026;OPENAI CHATGPT;CARD OPENAI CHATGPT 2026-05;DEMO202605000394;DEMO SUBSCRIPTION;Card Payment;Shopping & Services;Digital Services;-23,00;;18/05/2026;19/05/2026;0
19/05/2026;OPENAI CHATGPT;CARD OPENAI CHATGPT PURCHASE 180526;DEMO202605000440;INTENTIONAL DUPLICATE FOR DEMONSTRATION;Card Payment;Shopping & Services;Digital Services;-23,00;;18/05/2026;19/05/2026;0
18/05/2026;BANK FEES;DEMO PACKAGE FEE;DEMO202605000397;;Bank Fees;Banking & Insurance;Bank Fees;-9,90;;18/05/2026;18/05/2026;0
18/05/2026;FEE REBATE;DEMO PACKAGE SERVICES REBATE;DEMO202605000398;;Bank Fees;Banking & Insurance;Bank Fees;;+4,95;18/05/2026;18/05/2026;0
18/05/2026;CENTRAL PHARMACY;CARD CENTRAL PHARMACY PURCHASE 170526;DEMO202605000409;;Card Payment;Health & Wellness;Pharmacy;-35,27;;17/05/2026;18/05/2026;0
17/05/2026;NETFLIX;CARD NETFLIX 2026-05;DEMO202605000393;DEMO SUBSCRIPTION;Card Payment;Leisure & Travel;Video Streaming;-13,49;;16/05/2026;17/05/2026;0
15/05/2026;LIDL;CARD LIDL PURCHASE 140526;DEMO202605000401;;Card Payment;Food;Supermarket;-88,62;;14/05/2026;15/05/2026;0
15/05/2026;SPOTIFY;CARD SPOTIFY 2026-05;DEMO202605000392;DEMO SUBSCRIPTION;Card Payment;Leisure & Travel;Music;-11,12;;14/05/2026;15/05/2026;0
14/05/2026;FNAC DIRECT;CARD FNAC DIRECT PURCHASE 130526;DEMO202605000408;;Card Payment;Shopping & Services;Shopping & Services - Other;-106,53;;13/05/2026;14/05/2026;0
12/05/2026;SERENITY INSURANCE;SEPA DIRECT DEBIT SERENITY INSURANCE 2026-05;DEMO202605000391;DEMO SUBSCRIPTION;Direct Debit;Banking & Insurance;Home Insurance;-38,60;;12/05/2026;12/05/2026;0
11/05/2026;MOBILE NOVA;SEPA DIRECT DEBIT MOBILE NOVA 2026-05;DEMO202605000390;DEMO SUBSCRIPTION;Direct Debit;Phone & Internet;Mobile Phone;-14,99;;11/05/2026;11/05/2026;0
11/05/2026;UBER;CARD UBER TRIP PURCHASE 100526;DEMO202605000406;;Card Payment;Transportation;Taxi & Ride-Hailing;-14,39;;10/05/2026;11/05/2026;0
09/05/2026;NOVA FIBER;SEPA DIRECT DEBIT NOVA FIBER 2026-05;DEMO202605000389;DEMO SUBSCRIPTION;Direct Debit;Phone & Internet;Internet;-29,99;;09/05/2026;09/05/2026;0
09/05/2026;CARREFOUR CITY;CARD CARREFOUR CITY PURCHASE 080526;DEMO202605000400;;Card Payment;Food;Supermarket;-96,10;;08/05/2026;09/05/2026;0
07/05/2026;CLEAR ENERGY;SEPA DIRECT DEBIT CLEAR ENERGY 2026-05;DEMO202605000388;NEW DEMO ENERGY RATE;Direct Debit;Housing & Real Estate;Electricity, Gas & Water;-104,00;;07/05/2026;07/05/2026;0
07/05/2026;REPUBLIC CAFE;CARD REPUBLIC CAFE PURCHASE 060526;DEMO202605000404;;Card Payment;Food;Restaurants & Cafes;-44,29;;06/05/2026;07/05/2026;0
07/05/2026;FNAC DIRECT;CARD FNAC DIRECT COMPUTER DEMO;DEMO202605000439;EXCEPTIONAL DEMO TRANSACTION;Card Payment;Shopping & Services;Electronics;-689,90;;06/05/2026;07/05/2026;0
03/05/2026;LILAC RESIDENCE;SEPA TRANSFER RENT 2026-05;DEMO202605000387;RENT AND SERVICE CHARGES - FICTIONAL DATA;Bank Transfer;Housing & Real Estate;Rent & Service Charges;-820,00;;03/05/2026;03/05/2026;0
03/05/2026;MONOPRIX;CARD MONOPRIX PURCHASE 020526;DEMO202605000399;;Card Payment;Food;Supermarket;-58,44;;02/05/2026;03/05/2026;0
28/04/2026;HORIZON WORKSHOP DEMO;SEPA TRANSFER HORIZON WORKSHOP SALARY 2026-04;DEMO202604000363;NET SALARY 2026-04 - FICTIONAL DATA;Incoming Bank Transfer;Salary & Income;Salary;;+2980,00;28/04/2026;28/04/2026;0
27/04/2026;LIDL;CARD LIDL PURCHASE 260426;DEMO202604000380;;Card Payment;Food;Supermarket;-76,39;;26/04/2026;27/04/2026;0
26/04/2026;UBER;CARD UBER TRIP PURCHASE 250426;DEMO202604000384;;Card Payment;Transportation;Taxi & Ride-Hailing;-19,12;;25/04/2026;26/04/2026;0
24/04/2026;NAVIGO;SEPA DIRECT DEBIT NAVIGO 2026-04;DEMO202604000373;DEMO SUBSCRIPTION;Direct Debit;Transportation;Public Transportation;-86,40;;24/04/2026;24/04/2026;0
23/04/2026;PIZZA ROMA;CARD PIZZA ROMA PURCHASE 220426;DEMO202604000382;;Card Payment;Food;Restaurants & Cafes;-36,25;;22/04/2026;23/04/2026;0
21/04/2026;BASIC FIT;SEPA DIRECT DEBIT BASIC FIT 2026-04;DEMO202604000372;DEMO SUBSCRIPTION;Direct Debit;Health & Wellness;Sports & Fitness;-24,99;;21/04/2026;21/04/2026;0
21/04/2026;CARREFOUR CITY;CARD CARREFOUR CITY PURCHASE 200426;DEMO202604000379;;Card Payment;Food;Supermarket;-48,52;;20/04/2026;21/04/2026;0
19/04/2026;OPENAI CHATGPT;CARD OPENAI CHATGPT 2026-04;DEMO202604000371;DEMO SUBSCRIPTION;Card Payment;Shopping & Services;Digital Services;-23,00;;18/04/2026;19/04/2026;0
18/04/2026;BANK FEES;DEMO PACKAGE FEE;DEMO202604000374;;Bank Fees;Banking & Insurance;Bank Fees;-9,90;;18/04/2026;18/04/2026;0
18/04/2026;FEE REBATE;DEMO PACKAGE SERVICES REBATE;DEMO202604000375;;Bank Fees;Banking & Insurance;Bank Fees;;+4,95;18/04/2026;18/04/2026;0
17/04/2026;NETFLIX;CARD NETFLIX 2026-04;DEMO202604000370;DEMO SUBSCRIPTION;Card Payment;Leisure & Travel;Video Streaming;-13,49;;16/04/2026;17/04/2026;0
15/04/2026;MONOPRIX;CARD MONOPRIX PURCHASE 140426;DEMO202604000378;;Card Payment;Food;Supermarket;-82,71;;14/04/2026;15/04/2026;0
15/04/2026;SPOTIFY;CARD SPOTIFY 2026-04;DEMO202604000369;DEMO SUBSCRIPTION;Card Payment;Leisure & Travel;Music;-11,12;;14/04/2026;15/04/2026;0
14/04/2026;DECATHLON;CARD DECATHLON PURCHASE 130426;DEMO202604000385;;Card Payment;Shopping & Services;Shopping & Services - Other;-58,36;;13/04/2026;14/04/2026;0
12/04/2026;SERENITY INSURANCE;SEPA DIRECT DEBIT SERENITY INSURANCE 2026-04;DEMO202604000368;DEMO SUBSCRIPTION;Direct Debit;Banking & Insurance;Home Insurance;-38,60;;12/04/2026;12/04/2026;0
11/04/2026;MOBILE NOVA;SEPA DIRECT DEBIT MOBILE NOVA 2026-04;DEMO202604000367;DEMO SUBSCRIPTION;Direct Debit;Phone & Internet;Mobile Phone;-14,99;;11/04/2026;11/04/2026;0
11/04/2026;UBER;CARD UBER TRIP PURCHASE 100426;DEMO202604000383;;Card Payment;Transportation;Taxi & Ride-Hailing;-10,05;;10/04/2026;11/04/2026;0
09/04/2026;NOVA FIBER;SEPA DIRECT DEBIT NOVA FIBER 2026-04;DEMO202604000366;DEMO SUBSCRIPTION;Direct Debit;Phone & Internet;Internet;-29,99;;09/04/2026;09/04/2026;0
09/04/2026;CARREFOUR CITY;CARD CARREFOUR CITY PURCHASE 080426;DEMO202604000377;;Card Payment;Food;Supermarket;-51,91;;08/04/2026;09/04/2026;0
07/04/2026;CLEAR ENERGY;SEPA DIRECT DEBIT CLEAR ENERGY 2026-04;DEMO202604000365;NEW DEMO ENERGY RATE;Direct Debit;Housing & Real Estate;Electricity, Gas & Water;-111,00;;07/04/2026;07/04/2026;0
07/04/2026;REPUBLIC CAFE;CARD REPUBLIC CAFE PURCHASE 060426;DEMO202604000381;;Card Payment;Food;Restaurants & Cafes;-49,63;;06/04/2026;07/04/2026;0
03/04/2026;LILAC RESIDENCE;SEPA TRANSFER RENT 2026-04;DEMO202604000364;RENT AND SERVICE CHARGES - FICTIONAL DATA;Bank Transfer;Housing & Real Estate;Rent & Service Charges;-820,00;;03/04/2026;03/04/2026;0
03/04/2026;MONOPRIX;CARD MONOPRIX PURCHASE 020426;DEMO202604000376;;Card Payment;Food;Supermarket;-78,45;;02/04/2026;03/04/2026;0
28/03/2026;HORIZON WORKSHOP DEMO;SEPA TRANSFER HORIZON WORKSHOP SALARY 2026-03;DEMO202603000338;NET SALARY 2026-03 - FICTIONAL DATA;Incoming Bank Transfer;Salary & Income;Salary;;+2980,00;28/03/2026;28/03/2026;0
27/03/2026;LIDL;CARD LIDL PURCHASE 260326;DEMO202603000356;;Card Payment;Food;Supermarket;-107,76;;26/03/2026;27/03/2026;0
26/03/2026;UBER;CARD UBER TRIP PURCHASE 250326;DEMO202603000360;;Card Payment;Transportation;Taxi & Ride-Hailing;-20,65;;25/03/2026;26/03/2026;0
24/03/2026;NAVIGO;SEPA DIRECT DEBIT NAVIGO 2026-03;DEMO202603000349;DEMO SUBSCRIPTION;Direct Debit;Transportation;Public Transportation;-86,40;;24/03/2026;24/03/2026;0
23/03/2026;CENTRAL BISTRO;CARD CENTRAL BISTRO PURCHASE 220326;DEMO202603000358;;Card Payment;Food;Restaurants & Cafes;-23,33;;22/03/2026;23/03/2026;0
21/03/2026;BASIC FIT;SEPA DIRECT DEBIT BASIC FIT 2026-03;DEMO202603000348;DEMO SUBSCRIPTION;Direct Debit;Health & Wellness;Sports & Fitness;-24,99;;21/03/2026;21/03/2026;0
21/03/2026;LIDL;CARD LIDL PURCHASE 200326;DEMO202603000355;;Card Payment;Food;Supermarket;-80,63;;20/03/2026;21/03/2026;0
20/03/2026;FREELANCE ASSIGNMENT DEMO;SEPA TRANSFER FREELANCE ASSIGNMENT DEMO;DEMO202603000339;QUARTERLY ASSIGNMENT 2026-03;Incoming Bank Transfer;Salary & Income;Additional Income;;+793,73;20/03/2026;20/03/2026;0
19/03/2026;OPENAI CHATGPT;CARD OPENAI CHATGPT 2026-03;DEMO202603000347;DEMO SUBSCRIPTION;Card Payment;Shopping & Services;Digital Services;-23,00;;18/03/2026;19/03/2026;0
18/03/2026;BANK FEES;DEMO PACKAGE FEE;DEMO202603000350;;Bank Fees;Banking & Insurance;Bank Fees;-9,90;;18/03/2026;18/03/2026;0
18/03/2026;FEE REBATE;DEMO PACKAGE SERVICES REBATE;DEMO202603000351;;Bank Fees;Banking & Insurance;Bank Fees;;+4,95;18/03/2026;18/03/2026;0
18/03/2026;CENTRAL PHARMACY;CARD CENTRAL PHARMACY PURCHASE 170326;DEMO202603000362;;Card Payment;Health & Wellness;Pharmacy;-12,95;;17/03/2026;18/03/2026;0
17/03/2026;NETFLIX;CARD NETFLIX 2026-03;DEMO202603000346;DEMO SUBSCRIPTION;Card Payment;Leisure & Travel;Video Streaming;-13,49;;16/03/2026;17/03/2026;0
15/03/2026;GENERAL DIRECTORATE OF FINANCE;TRANSFER TAX REFUND DEMO;DEMO202603000438;EXCEPTIONAL DEMO TRANSACTION;Incoming Bank Transfer;Taxes & Duties;Refund;;+184,20;15/03/2026;15/03/2026;0
15/03/2026;MONOPRIX;CARD MONOPRIX PURCHASE 140326;DEMO202603000354;;Card Payment;Food;Supermarket;-73,74;;14/03/2026;15/03/2026;0
15/03/2026;SPOTIFY;CARD SPOTIFY 2026-03;DEMO202603000345;DEMO SUBSCRIPTION;Card Payment;Leisure & Travel;Music;-11,12;;14/03/2026;15/03/2026;0
14/03/2026;AMAZON DEMO;CARD AMAZON DEMO PURCHASE 130326;DEMO202603000361;;Card Payment;Shopping & Services;Shopping & Services - Other;-116,68;;13/03/2026;14/03/2026;0
12/03/2026;SERENITY INSURANCE;SEPA DIRECT DEBIT SERENITY INSURANCE 2026-03;DEMO202603000344;DEMO SUBSCRIPTION;Direct Debit;Banking & Insurance;Home Insurance;-38,60;;12/03/2026;12/03/2026;0
11/03/2026;MOBILE NOVA;SEPA DIRECT DEBIT MOBILE NOVA 2026-03;DEMO202603000343;DEMO SUBSCRIPTION;Direct Debit;Phone & Internet;Mobile Phone;-14,99;;11/03/2026;11/03/2026;0
11/03/2026;UBER;CARD UBER TRIP PURCHASE 100326;DEMO202603000359;;Card Payment;Transportation;Taxi & Ride-Hailing;-25,32;;10/03/2026;11/03/2026;0
09/03/2026;NOVA FIBER;SEPA DIRECT DEBIT NOVA FIBER 2026-03;DEMO202603000342;DEMO SUBSCRIPTION;Direct Debit;Phone & Internet;Internet;-29,99;;09/03/2026;09/03/2026;0
09/03/2026;MONOPRIX;CARD MONOPRIX PURCHASE 080326;DEMO202603000353;;Card Payment;Food;Supermarket;-74,44;;08/03/2026;09/03/2026;0
07/03/2026;CLEAR ENERGY;SEPA DIRECT DEBIT CLEAR ENERGY 2026-03;DEMO202603000341;NEW DEMO ENERGY RATE;Direct Debit;Housing & Real Estate;Electricity, Gas & Water;-118,00;;07/03/2026;07/03/2026;0
07/03/2026;REPUBLIC CAFE;CARD REPUBLIC CAFE PURCHASE 060326;DEMO202603000357;;Card Payment;Food;Restaurants & Cafes;-24,27;;06/03/2026;07/03/2026;0
03/03/2026;LILAC RESIDENCE;SEPA TRANSFER RENT 2026-03;DEMO202603000340;RENT AND SERVICE CHARGES - FICTIONAL DATA;Bank Transfer;Housing & Real Estate;Rent & Service Charges;-820,00;;03/03/2026;03/03/2026;0
03/03/2026;CARREFOUR CITY;CARD CARREFOUR CITY PURCHASE 020326;DEMO202603000352;;Card Payment;Food;Supermarket;-99,53;;02/03/2026;03/03/2026;0
28/02/2026;HORIZON WORKSHOP DEMO;SEPA TRANSFER HORIZON WORKSHOP SALARY 2026-02;DEMO202602000314;NET SALARY 2026-02 - FICTIONAL DATA;Incoming Bank Transfer;Salary & Income;Salary;;+2980,00;28/02/2026;28/02/2026;0
27/02/2026;CARREFOUR CITY;CARD CARREFOUR CITY PURCHASE 260226;DEMO202602000331;;Card Payment;Food;Supermarket;-94,88;;26/02/2026;27/02/2026;0
26/02/2026;UBER;CARD UBER TRIP PURCHASE 250226;DEMO202602000335;;Card Payment;Transportation;Taxi & Ride-Hailing;-27,62;;25/02/2026;26/02/2026;0
24/02/2026;NAVIGO;SEPA DIRECT DEBIT NAVIGO 2026-02;DEMO202602000324;DEMO SUBSCRIPTION;Direct Debit;Transportation;Public Transportation;-86,40;;24/02/2026;24/02/2026;0
23/02/2026;SUSHI DEMO;CARD SUSHI DEMO PURCHASE 220226;DEMO202602000333;;Card Payment;Food;Restaurants & Cafes;-47,28;;22/02/2026;23/02/2026;0
21/02/2026;BASIC FIT;SEPA DIRECT DEBIT BASIC FIT 2026-02;DEMO202602000323;DEMO SUBSCRIPTION;Direct Debit;Health & Wellness;Sports & Fitness;-24,99;;21/02/2026;21/02/2026;0
21/02/2026;MONOPRIX;CARD MONOPRIX PURCHASE 200226;DEMO202602000330;;Card Payment;Food;Supermarket;-92,41;;20/02/2026;21/02/2026;0
19/02/2026;GROUP REFUND DEMO;SEPA TRANSFER GROUP REFUND DEMO;DEMO202602000337;FICTIONAL EXPENSE SHARING;Incoming Bank Transfer;Transfers;Reimbursement Between Friends & Family;;+60,51;19/02/2026;19/02/2026;0
19/02/2026;OPENAI CHATGPT;CARD OPENAI CHATGPT 2026-02;DEMO202602000322;DEMO SUBSCRIPTION;Card Payment;Shopping & Services;Digital Services;-23,00;;18/02/2026;19/02/2026;0
18/02/2026;BANK FEES;DEMO PACKAGE FEE;DEMO202602000325;;Bank Fees;Banking & Insurance;Bank Fees;-9,90;;18/02/2026;18/02/2026;0
18/02/2026;FEE REBATE;DEMO PACKAGE SERVICES REBATE;DEMO202602000326;;Bank Fees;Banking & Insurance;Bank Fees;;+4,95;18/02/2026;18/02/2026;0
17/02/2026;NETFLIX;CARD NETFLIX 2026-02;DEMO202602000321;DEMO SUBSCRIPTION;Card Payment;Leisure & Travel;Video Streaming;-13,49;;16/02/2026;17/02/2026;0
15/02/2026;MONOPRIX;CARD MONOPRIX PURCHASE 140226;DEMO202602000329;;Card Payment;Food;Supermarket;-79,12;;14/02/2026;15/02/2026;0
15/02/2026;SPOTIFY;CARD SPOTIFY 2026-02;DEMO202602000320;DEMO SUBSCRIPTION;Card Payment;Leisure & Travel;Music;-11,12;;14/02/2026;15/02/2026;0
14/02/2026;FNAC DIRECT;CARD FNAC DIRECT PURCHASE 130226;DEMO202602000336;;Card Payment;Shopping & Services;Shopping & Services - Other;-111,46;;13/02/2026;14/02/2026;0
12/02/2026;SERENITY INSURANCE;SEPA DIRECT DEBIT SERENITY INSURANCE 2026-02;DEMO202602000319;DEMO SUBSCRIPTION;Direct Debit;Banking & Insurance;Home Insurance;-38,60;;12/02/2026;12/02/2026;0
11/02/2026;MOBILE NOVA;SEPA DIRECT DEBIT MOBILE NOVA 2026-02;DEMO202602000318;DEMO SUBSCRIPTION;Direct Debit;Phone & Internet;Mobile Phone;-14,99;;11/02/2026;11/02/2026;0
11/02/2026;UBER;CARD UBER TRIP PURCHASE 100226;DEMO202602000334;;Card Payment;Transportation;Taxi & Ride-Hailing;-12,51;;10/02/2026;11/02/2026;0
09/02/2026;NOVA FIBER;SEPA DIRECT DEBIT NOVA FIBER 2026-02;DEMO202602000317;DEMO SUBSCRIPTION;Direct Debit;Phone & Internet;Internet;-29,99;;09/02/2026;09/02/2026;0
09/02/2026;LIDL;CARD LIDL PURCHASE 080226;DEMO202602000328;;Card Payment;Food;Supermarket;-41,72;;08/02/2026;09/02/2026;0
07/02/2026;CLEAR ENERGY;SEPA DIRECT DEBIT CLEAR ENERGY 2026-02;DEMO202602000316;NEW DEMO ENERGY RATE;Direct Debit;Housing & Real Estate;Electricity, Gas & Water;-126,00;;07/02/2026;07/02/2026;0
07/02/2026;PIZZA ROMA;CARD PIZZA ROMA PURCHASE 060226;DEMO202602000332;;Card Payment;Food;Restaurants & Cafes;-18,64;;06/02/2026;07/02/2026;0
03/02/2026;LILAC RESIDENCE;SEPA TRANSFER RENT 2026-02;DEMO202602000315;RENT AND SERVICE CHARGES - FICTIONAL DATA;Bank Transfer;Housing & Real Estate;Rent & Service Charges;-820,00;;03/02/2026;03/02/2026;0
03/02/2026;MONOPRIX;CARD MONOPRIX PURCHASE 020226;DEMO202602000327;;Card Payment;Food;Supermarket;-42,90;;02/02/2026;03/02/2026;0
28/01/2026;HORIZON WORKSHOP DEMO;SEPA TRANSFER HORIZON WORKSHOP SALARY 2026-01;DEMO202601000290;NET SALARY 2026-01 - FICTIONAL DATA;Incoming Bank Transfer;Salary & Income;Salary;;+2980,00;28/01/2026;28/01/2026;0
27/01/2026;CARREFOUR CITY;CARD CARREFOUR CITY PURCHASE 260126;DEMO202601000307;;Card Payment;Food;Supermarket;-89,79;;26/01/2026;27/01/2026;0
26/01/2026;UBER;CARD UBER TRIP PURCHASE 250126;DEMO202601000311;;Card Payment;Transportation;Taxi & Ride-Hailing;-14,86;;25/01/2026;26/01/2026;0
24/01/2026;NAVIGO;SEPA DIRECT DEBIT NAVIGO 2026-01;DEMO202601000300;DEMO SUBSCRIPTION;Direct Debit;Transportation;Public Transportation;-86,40;;24/01/2026;24/01/2026;0
23/01/2026;SUSHI DEMO;CARD SUSHI DEMO PURCHASE 220126;DEMO202601000309;;Card Payment;Food;Restaurants & Cafes;-26,30;;22/01/2026;23/01/2026;0
21/01/2026;BASIC FIT;SEPA DIRECT DEBIT BASIC FIT 2026-01;DEMO202601000299;DEMO SUBSCRIPTION;Direct Debit;Health & Wellness;Sports & Fitness;-24,99;;21/01/2026;21/01/2026;0
21/01/2026;INTERMARCHE;CARD INTERMARCHE PURCHASE 200126;DEMO202601000306;;Card Payment;Food;Supermarket;-38,07;;20/01/2026;21/01/2026;0
19/01/2026;OPENAI CHATGPT;CARD OPENAI CHATGPT 2026-01;DEMO202601000298;DEMO SUBSCRIPTION;Card Payment;Shopping & Services;Digital Services;-23,00;;18/01/2026;19/01/2026;0
18/01/2026;BANK FEES;DEMO PACKAGE FEE;DEMO202601000301;;Bank Fees;Banking & Insurance;Bank Fees;-9,90;;18/01/2026;18/01/2026;0
18/01/2026;FEE REBATE;DEMO PACKAGE SERVICES REBATE;DEMO202601000302;;Bank Fees;Banking & Insurance;Bank Fees;;+4,95;18/01/2026;18/01/2026;0
18/01/2026;CENTRAL PHARMACY;CARD CENTRAL PHARMACY PURCHASE 170126;DEMO202601000313;;Card Payment;Health & Wellness;Pharmacy;-39,83;;17/01/2026;18/01/2026;0
17/01/2026;NETFLIX;CARD NETFLIX 2026-01;DEMO202601000297;DEMO SUBSCRIPTION;Card Payment;Leisure & Travel;Video Streaming;-13,49;;16/01/2026;17/01/2026;0
15/01/2026;LIDL;CARD LIDL PURCHASE 140126;DEMO202601000305;;Card Payment;Food;Supermarket;-59,85;;14/01/2026;15/01/2026;0
15/01/2026;SPOTIFY;CARD SPOTIFY 2026-01;DEMO202601000296;DEMO SUBSCRIPTION;Card Payment;Leisure & Travel;Music;-11,12;;14/01/2026;15/01/2026;0
14/01/2026;DECATHLON;CARD DECATHLON PURCHASE 130126;DEMO202601000312;;Card Payment;Shopping & Services;Shopping & Services - Other;-107,90;;13/01/2026;14/01/2026;0
12/01/2026;SERENITY INSURANCE;SEPA DIRECT DEBIT SERENITY INSURANCE 2026-01;DEMO202601000295;DEMO SUBSCRIPTION;Direct Debit;Banking & Insurance;Home Insurance;-38,60;;12/01/2026;12/01/2026;0
11/01/2026;MOBILE NOVA;SEPA DIRECT DEBIT MOBILE NOVA 2026-01;DEMO202601000294;DEMO SUBSCRIPTION;Direct Debit;Phone & Internet;Mobile Phone;-14,99;;11/01/2026;11/01/2026;0
11/01/2026;UBER;CARD UBER TRIP PURCHASE 100126;DEMO202601000310;;Card Payment;Transportation;Taxi & Ride-Hailing;-19,06;;10/01/2026;11/01/2026;0
09/01/2026;NOVA FIBER;SEPA DIRECT DEBIT NOVA FIBER 2026-01;DEMO202601000293;DEMO SUBSCRIPTION;Direct Debit;Phone & Internet;Internet;-29,99;;09/01/2026;09/01/2026;0
09/01/2026;LIDL;CARD LIDL PURCHASE 080126;DEMO202601000304;;Card Payment;Food;Supermarket;-85,40;;08/01/2026;09/01/2026;0
07/01/2026;CLEAR ENERGY;SEPA DIRECT DEBIT CLEAR ENERGY 2026-01;DEMO202601000292;NEW DEMO ENERGY RATE;Direct Debit;Housing & Real Estate;Electricity, Gas & Water;-132,00;;07/01/2026;07/01/2026;0
07/01/2026;CENTRAL BISTRO;CARD CENTRAL BISTRO PURCHASE 060126;DEMO202601000308;;Card Payment;Food;Restaurants & Cafes;-41,73;;06/01/2026;07/01/2026;0
03/01/2026;LILAC RESIDENCE;SEPA TRANSFER RENT 2026-01;DEMO202601000291;RENT AND SERVICE CHARGES - FICTIONAL DATA;Bank Transfer;Housing & Real Estate;Rent & Service Charges;-820,00;;03/01/2026;03/01/2026;0
03/01/2026;CARREFOUR CITY;CARD CARREFOUR CITY PURCHASE 020126;DEMO202601000303;;Card Payment;Food;Supermarket;-73,57;;02/01/2026;03/01/2026;0
28/12/2025;HORIZON WORKSHOP DEMO;SEPA TRANSFER HORIZON WORKSHOP SALARY 2025-12;DEMO202512000266;NET SALARY 2025-12 - FICTIONAL DATA;Incoming Bank Transfer;Salary & Income;Salary;;+2850,00;28/12/2025;28/12/2025;0
27/12/2025;LIDL;CARD LIDL PURCHASE 261225;DEMO202512000284;;Card Payment;Food;Supermarket;-99,79;;26/12/2025;27/12/2025;0
26/12/2025;UBER;CARD UBER TRIP PURCHASE 251225;DEMO202512000288;;Card Payment;Transportation;Taxi & Ride-Hailing;-18,40;;25/12/2025;26/12/2025;0
24/12/2025;NAVIGO;SEPA DIRECT DEBIT NAVIGO 2025-12;DEMO202512000277;DEMO SUBSCRIPTION;Direct Debit;Transportation;Public Transportation;-86,40;;24/12/2025;24/12/2025;0
23/12/2025;SUSHI DEMO;CARD SUSHI DEMO PURCHASE 221225;DEMO202512000286;;Card Payment;Food;Restaurants & Cafes;-37,30;;22/12/2025;23/12/2025;0
21/12/2025;BASIC FIT;SEPA DIRECT DEBIT BASIC FIT 2025-12;DEMO202512000276;DEMO SUBSCRIPTION;Direct Debit;Health & Wellness;Sports & Fitness;-24,99;;21/12/2025;21/12/2025;0
21/12/2025;LIDL;CARD LIDL PURCHASE 201225;DEMO202512000283;;Card Payment;Food;Supermarket;-53,27;;20/12/2025;21/12/2025;0
20/12/2025;FREELANCE ASSIGNMENT DEMO;SEPA TRANSFER FREELANCE ASSIGNMENT DEMO;DEMO202512000267;QUARTERLY ASSIGNMENT 2025-12;Incoming Bank Transfer;Salary & Income;Additional Income;;+618,68;20/12/2025;20/12/2025;0
19/12/2025;OPENAI CHATGPT;CARD OPENAI CHATGPT 2025-12;DEMO202512000275;DEMO SUBSCRIPTION;Card Payment;Shopping & Services;Digital Services;-23,00;;18/12/2025;19/12/2025;0
18/12/2025;BANK FEES;DEMO PACKAGE FEE;DEMO202512000278;;Bank Fees;Banking & Insurance;Bank Fees;-9,90;;18/12/2025;18/12/2025;0
18/12/2025;FEE REBATE;DEMO PACKAGE SERVICES REBATE;DEMO202512000279;;Bank Fees;Banking & Insurance;Bank Fees;;+4,95;18/12/2025;18/12/2025;0
17/12/2025;NETFLIX;CARD NETFLIX 2025-12;DEMO202512000274;DEMO SUBSCRIPTION;Card Payment;Leisure & Travel;Video Streaming;-13,49;;16/12/2025;17/12/2025;0
15/12/2025;INTERMARCHE;CARD INTERMARCHE PURCHASE 141225;DEMO202512000282;;Card Payment;Food;Supermarket;-67,48;;14/12/2025;15/12/2025;0
15/12/2025;SPOTIFY;CARD SPOTIFY 2025-12;DEMO202512000273;DEMO SUBSCRIPTION;Card Payment;Leisure & Travel;Music;-11,12;;14/12/2025;15/12/2025;0
14/12/2025;FNAC DIRECT;CARD FNAC DIRECT PURCHASE 131225;DEMO202512000289;;Card Payment;Shopping & Services;Shopping & Services - Other;-36,81;;13/12/2025;14/12/2025;0
13/12/2025;CHRISTMAS GIFTS DEMO;CARD CHRISTMAS GIFTS DEMO;DEMO202512000437;EXCEPTIONAL DEMO TRANSACTION;Card Payment;Shopping & Services;Gifts;-328,60;;12/12/2025;13/12/2025;0
12/12/2025;SERENITY INSURANCE;SEPA DIRECT DEBIT SERENITY INSURANCE 2025-12;DEMO202512000272;DEMO SUBSCRIPTION;Direct Debit;Banking & Insurance;Home Insurance;-38,60;;12/12/2025;12/12/2025;0
11/12/2025;MOBILE NOVA;SEPA DIRECT DEBIT MOBILE NOVA 2025-12;DEMO202512000271;DEMO SUBSCRIPTION;Direct Debit;Phone & Internet;Mobile Phone;-14,99;;11/12/2025;11/12/2025;0
11/12/2025;UBER;CARD UBER TRIP PURCHASE 101225;DEMO202512000287;;Card Payment;Transportation;Taxi & Ride-Hailing;-22,45;;10/12/2025;11/12/2025;0
09/12/2025;NOVA FIBER;SEPA DIRECT DEBIT NOVA FIBER 2025-12;DEMO202512000270;DEMO SUBSCRIPTION;Direct Debit;Phone & Internet;Internet;-29,99;;09/12/2025;09/12/2025;0
09/12/2025;LIDL;CARD LIDL PURCHASE 081225;DEMO202512000281;;Card Payment;Food;Supermarket;-47,24;;08/12/2025;09/12/2025;0
07/12/2025;CLEAR ENERGY;SEPA DIRECT DEBIT CLEAR ENERGY 2025-12;DEMO202512000269;DEMO MONTHLY ENERGY BILL;Direct Debit;Housing & Real Estate;Electricity, Gas & Water;-97,00;;07/12/2025;07/12/2025;0
07/12/2025;REPUBLIC CAFE;CARD REPUBLIC CAFE PURCHASE 061225;DEMO202512000285;;Card Payment;Food;Restaurants & Cafes;-40,74;;06/12/2025;07/12/2025;0
03/12/2025;LILAC RESIDENCE;SEPA TRANSFER RENT 2025-12;DEMO202512000268;RENT AND SERVICE CHARGES - FICTIONAL DATA;Bank Transfer;Housing & Real Estate;Rent & Service Charges;-820,00;;03/12/2025;03/12/2025;0
03/12/2025;MONOPRIX;CARD MONOPRIX PURCHASE 021225;DEMO202512000280;;Card Payment;Food;Supermarket;-38,93;;02/12/2025;03/12/2025;0
28/11/2025;HORIZON WORKSHOP DEMO;SEPA TRANSFER HORIZON WORKSHOP SALARY 2025-11;DEMO202511000242;NET SALARY 2025-11 - FICTIONAL DATA;Incoming Bank Transfer;Salary & Income;Salary;;+2850,00;28/11/2025;28/11/2025;0
27/11/2025;INTERMARCHE;CARD INTERMARCHE PURCHASE 261125;DEMO202511000259;;Card Payment;Food;Supermarket;-102,37;;26/11/2025;27/11/2025;0
26/11/2025;UBER;CARD UBER TRIP PURCHASE 251125;DEMO202511000263;;Card Payment;Transportation;Taxi & Ride-Hailing;-21,93;;25/11/2025;26/11/2025;0
24/11/2025;NAVIGO;SEPA DIRECT DEBIT NAVIGO 2025-11;DEMO202511000252;DEMO SUBSCRIPTION;Direct Debit;Transportation;Public Transportation;-86,40;;24/11/2025;24/11/2025;0
23/11/2025;REPUBLIC CAFE;CARD REPUBLIC CAFE PURCHASE 221125;DEMO202511000261;;Card Payment;Food;Restaurants & Cafes;-24,21;;22/11/2025;23/11/2025;0
21/11/2025;BASIC FIT;SEPA DIRECT DEBIT BASIC FIT 2025-11;DEMO202511000251;DEMO SUBSCRIPTION;Direct Debit;Health & Wellness;Sports & Fitness;-24,99;;21/11/2025;21/11/2025;0
21/11/2025;INTERMARCHE;CARD INTERMARCHE PURCHASE 201125;DEMO202511000258;;Card Payment;Food;Supermarket;-60,63;;20/11/2025;21/11/2025;0
19/11/2025;OPENAI CHATGPT;CARD OPENAI CHATGPT 2025-11;DEMO202511000250;DEMO SUBSCRIPTION;Card Payment;Shopping & Services;Digital Services;-23,00;;18/11/2025;19/11/2025;0
18/11/2025;BANK FEES;DEMO PACKAGE FEE;DEMO202511000253;;Bank Fees;Banking & Insurance;Bank Fees;-9,90;;18/11/2025;18/11/2025;0
18/11/2025;FEE REBATE;DEMO PACKAGE SERVICES REBATE;DEMO202511000254;;Bank Fees;Banking & Insurance;Bank Fees;;+4,95;18/11/2025;18/11/2025;0
18/11/2025;CENTRAL PHARMACY;CARD CENTRAL PHARMACY PURCHASE 171125;DEMO202511000265;;Card Payment;Health & Wellness;Pharmacy;-35,40;;17/11/2025;18/11/2025;0
17/11/2025;NETFLIX;CARD NETFLIX 2025-11;DEMO202511000249;DEMO SUBSCRIPTION;Card Payment;Leisure & Travel;Video Streaming;-13,49;;16/11/2025;17/11/2025;0
15/11/2025;MONOPRIX;CARD MONOPRIX PURCHASE 141125;DEMO202511000257;;Card Payment;Food;Supermarket;-99,68;;14/11/2025;15/11/2025;0
15/11/2025;SPOTIFY;CARD SPOTIFY 2025-11;DEMO202511000248;DEMO SUBSCRIPTION;Card Payment;Leisure & Travel;Music;-11,12;;14/11/2025;15/11/2025;0
14/11/2025;FNAC DIRECT;CARD FNAC DIRECT PURCHASE 131125;DEMO202511000264;;Card Payment;Shopping & Services;Shopping & Services - Other;-69,74;;13/11/2025;14/11/2025;0
12/11/2025;SERENITY INSURANCE;SEPA DIRECT DEBIT SERENITY INSURANCE 2025-11;DEMO202511000247;DEMO SUBSCRIPTION;Direct Debit;Banking & Insurance;Home Insurance;-38,60;;12/11/2025;12/11/2025;0
11/11/2025;MOBILE NOVA;SEPA DIRECT DEBIT MOBILE NOVA 2025-11;DEMO202511000246;DEMO SUBSCRIPTION;Direct Debit;Phone & Internet;Mobile Phone;-14,99;;11/11/2025;11/11/2025;0
11/11/2025;UBER;CARD UBER TRIP PURCHASE 101125;DEMO202511000262;;Card Payment;Transportation;Taxi & Ride-Hailing;-16,98;;10/11/2025;11/11/2025;0
09/11/2025;NOVA FIBER;SEPA DIRECT DEBIT NOVA FIBER 2025-11;DEMO202511000245;DEMO SUBSCRIPTION;Direct Debit;Phone & Internet;Internet;-29,99;;09/11/2025;09/11/2025;0
09/11/2025;CARREFOUR CITY;CARD CARREFOUR CITY PURCHASE 081125;DEMO202511000256;;Card Payment;Food;Supermarket;-42,45;;08/11/2025;09/11/2025;0
07/11/2025;CLEAR ENERGY;SEPA DIRECT DEBIT CLEAR ENERGY 2025-11;DEMO202511000244;DEMO MONTHLY ENERGY BILL;Direct Debit;Housing & Real Estate;Electricity, Gas & Water;-89,00;;07/11/2025;07/11/2025;0
07/11/2025;CENTRAL BISTRO;CARD CENTRAL BISTRO PURCHASE 061125;DEMO202511000260;;Card Payment;Food;Restaurants & Cafes;-44,96;;06/11/2025;07/11/2025;0
03/11/2025;LILAC RESIDENCE;SEPA TRANSFER RENT 2025-11;DEMO202511000243;RENT AND SERVICE CHARGES - FICTIONAL DATA;Bank Transfer;Housing & Real Estate;Rent & Service Charges;-820,00;;03/11/2025;03/11/2025;0
03/11/2025;INTERMARCHE;CARD INTERMARCHE PURCHASE 021125;DEMO202511000255;;Card Payment;Food;Supermarket;-47,10;;02/11/2025;03/11/2025;0
28/10/2025;HORIZON WORKSHOP DEMO;SEPA TRANSFER HORIZON WORKSHOP SALARY 2025-10;DEMO202510000218;NET SALARY 2025-10 - FICTIONAL DATA;Incoming Bank Transfer;Salary & Income;Salary;;+2850,00;28/10/2025;28/10/2025;0
27/10/2025;CARREFOUR CITY;CARD CARREFOUR CITY PURCHASE 261025;DEMO202510000235;;Card Payment;Food;Supermarket;-106,69;;26/10/2025;27/10/2025;0
26/10/2025;UBER;CARD UBER TRIP PURCHASE 251025;DEMO202510000239;;Card Payment;Transportation;Taxi & Ride-Hailing;-11,01;;25/10/2025;26/10/2025;0
24/10/2025;NAVIGO;SEPA DIRECT DEBIT NAVIGO 2025-10;DEMO202510000228;DEMO SUBSCRIPTION;Direct Debit;Transportation;Public Transportation;-86,40;;24/10/2025;24/10/2025;0
23/10/2025;CENTRAL BISTRO;CARD CENTRAL BISTRO PURCHASE 221025;DEMO202510000237;;Card Payment;Food;Restaurants & Cafes;-29,16;;22/10/2025;23/10/2025;0
21/10/2025;BASIC FIT;SEPA DIRECT DEBIT BASIC FIT 2025-10;DEMO202510000227;DEMO SUBSCRIPTION;Direct Debit;Health & Wellness;Sports & Fitness;-24,99;;21/10/2025;21/10/2025;0
21/10/2025;LIDL;CARD LIDL PURCHASE 201025;DEMO202510000234;;Card Payment;Food;Supermarket;-55,97;;20/10/2025;21/10/2025;0
19/10/2025;GROUP REFUND DEMO;SEPA TRANSFER GROUP REFUND DEMO;DEMO202510000241;FICTIONAL EXPENSE SHARING;Incoming Bank Transfer;Transfers;Reimbursement Between Friends & Family;;+93,40;19/10/2025;19/10/2025;0
19/10/2025;OPENAI CHATGPT;CARD OPENAI CHATGPT 2025-10;DEMO202510000226;DEMO SUBSCRIPTION;Card Payment;Shopping & Services;Digital Services;-23,00;;18/10/2025;19/10/2025;0
18/10/2025;BANK FEES;DEMO PACKAGE FEE;DEMO202510000229;;Bank Fees;Banking & Insurance;Bank Fees;-9,90;;18/10/2025;18/10/2025;0
18/10/2025;FEE REBATE;DEMO PACKAGE SERVICES REBATE;DEMO202510000230;;Bank Fees;Banking & Insurance;Bank Fees;;+4,95;18/10/2025;18/10/2025;0
17/10/2025;NETFLIX;CARD NETFLIX 2025-10;DEMO202510000225;DEMO SUBSCRIPTION;Card Payment;Leisure & Travel;Video Streaming;-13,49;;16/10/2025;17/10/2025;0
15/10/2025;INTERMARCHE;CARD INTERMARCHE PURCHASE 141025;DEMO202510000233;;Card Payment;Food;Supermarket;-70,08;;14/10/2025;15/10/2025;0
15/10/2025;SPOTIFY;CARD SPOTIFY 2025-10;DEMO202510000224;DEMO SUBSCRIPTION;Card Payment;Leisure & Travel;Music;-11,12;;14/10/2025;15/10/2025;0
14/10/2025;AMAZON DEMO;CARD AMAZON DEMO PURCHASE 131025;DEMO202510000240;;Card Payment;Shopping & Services;Shopping & Services - Other;-102,71;;13/10/2025;14/10/2025;0
12/10/2025;SERENITY INSURANCE;SEPA DIRECT DEBIT SERENITY INSURANCE 2025-10;DEMO202510000223;DEMO SUBSCRIPTION;Direct Debit;Banking & Insurance;Home Insurance;-38,60;;12/10/2025;12/10/2025;0
11/10/2025;MOBILE NOVA;SEPA DIRECT DEBIT MOBILE NOVA 2025-10;DEMO202510000222;DEMO SUBSCRIPTION;Direct Debit;Phone & Internet;Mobile Phone;-14,99;;11/10/2025;11/10/2025;0
11/10/2025;UBER;CARD UBER TRIP PURCHASE 101025;DEMO202510000238;;Card Payment;Transportation;Taxi & Ride-Hailing;-19,48;;10/10/2025;11/10/2025;0
09/10/2025;NOVA FIBER;SEPA DIRECT DEBIT NOVA FIBER 2025-10;DEMO202510000221;DEMO SUBSCRIPTION;Direct Debit;Phone & Internet;Internet;-29,99;;09/10/2025;09/10/2025;0
09/10/2025;LIDL;CARD LIDL PURCHASE 081025;DEMO202510000232;;Card Payment;Food;Supermarket;-88,85;;08/10/2025;09/10/2025;0
07/10/2025;CLEAR ENERGY;SEPA DIRECT DEBIT CLEAR ENERGY 2025-10;DEMO202510000220;DEMO MONTHLY ENERGY BILL;Direct Debit;Housing & Real Estate;Electricity, Gas & Water;-79,00;;07/10/2025;07/10/2025;0
07/10/2025;CENTRAL BISTRO;CARD CENTRAL BISTRO PURCHASE 061025;DEMO202510000236;;Card Payment;Food;Restaurants & Cafes;-32,53;;06/10/2025;07/10/2025;0
03/10/2025;LILAC RESIDENCE;SEPA TRANSFER RENT 2025-10;DEMO202510000219;RENT AND SERVICE CHARGES - FICTIONAL DATA;Bank Transfer;Housing & Real Estate;Rent & Service Charges;-820,00;;03/10/2025;03/10/2025;0
03/10/2025;CARREFOUR CITY;CARD CARREFOUR CITY PURCHASE 021025;DEMO202510000231;;Card Payment;Food;Supermarket;-66,63;;02/10/2025;03/10/2025;0
28/09/2025;HORIZON WORKSHOP DEMO;SEPA TRANSFER HORIZON WORKSHOP SALARY 2025-09;DEMO202509000193;NET SALARY 2025-09 - FICTIONAL DATA;Incoming Bank Transfer;Salary & Income;Salary;;+2850,00;28/09/2025;28/09/2025;0
27/09/2025;INTERMARCHE;CARD INTERMARCHE PURCHASE 260925;DEMO202509000211;;Card Payment;Food;Supermarket;-106,10;;26/09/2025;27/09/2025;0
26/09/2025;UBER;CARD UBER TRIP PURCHASE 250925;DEMO202509000215;;Card Payment;Transportation;Taxi & Ride-Hailing;-26,38;;25/09/2025;26/09/2025;0
24/09/2025;NAVIGO;SEPA DIRECT DEBIT NAVIGO 2025-09;DEMO202509000204;DEMO SUBSCRIPTION;Direct Debit;Transportation;Public Transportation;-86,40;;24/09/2025;24/09/2025;0
23/09/2025;SUSHI DEMO;CARD SUSHI DEMO PURCHASE 220925;DEMO202509000213;;Card Payment;Food;Restaurants & Cafes;-38,75;;22/09/2025;23/09/2025;0
21/09/2025;BASIC FIT;SEPA DIRECT DEBIT BASIC FIT 2025-09;DEMO202509000203;DEMO SUBSCRIPTION;Direct Debit;Health & Wellness;Sports & Fitness;-24,99;;21/09/2025;21/09/2025;0
21/09/2025;CARREFOUR CITY;CARD CARREFOUR CITY PURCHASE 200925;DEMO202509000210;;Card Payment;Food;Supermarket;-56,62;;20/09/2025;21/09/2025;0
20/09/2025;FREELANCE ASSIGNMENT DEMO;SEPA TRANSFER FREELANCE ASSIGNMENT DEMO;DEMO202509000194;QUARTERLY ASSIGNMENT 2025-09;Incoming Bank Transfer;Salary & Income;Additional Income;;+563,65;20/09/2025;20/09/2025;0
19/09/2025;OPENAI CHATGPT;CARD OPENAI CHATGPT 2025-09;DEMO202509000202;DEMO SUBSCRIPTION;Card Payment;Shopping & Services;Digital Services;-23,00;;18/09/2025;19/09/2025;0
18/09/2025;BANK FEES;DEMO PACKAGE FEE;DEMO202509000205;;Bank Fees;Banking & Insurance;Bank Fees;-9,90;;18/09/2025;18/09/2025;0
18/09/2025;FEE REBATE;DEMO PACKAGE SERVICES REBATE;DEMO202509000206;;Bank Fees;Banking & Insurance;Bank Fees;;+4,95;18/09/2025;18/09/2025;0
18/09/2025;CENTRAL PHARMACY;CARD CENTRAL PHARMACY PURCHASE 170925;DEMO202509000217;;Card Payment;Health & Wellness;Pharmacy;-9,28;;17/09/2025;18/09/2025;0
17/09/2025;NETFLIX;CARD NETFLIX 2025-09;DEMO202509000201;DEMO SUBSCRIPTION;Card Payment;Leisure & Travel;Video Streaming;-13,49;;16/09/2025;17/09/2025;0
15/09/2025;INTERMARCHE;CARD INTERMARCHE PURCHASE 140925;DEMO202509000209;;Card Payment;Food;Supermarket;-64,83;;14/09/2025;15/09/2025;0
15/09/2025;SPOTIFY;CARD SPOTIFY 2025-09;DEMO202509000200;DEMO SUBSCRIPTION;Card Payment;Leisure & Travel;Music;-11,12;;14/09/2025;15/09/2025;0
14/09/2025;FNAC DIRECT;CARD FNAC DIRECT PURCHASE 130925;DEMO202509000216;;Card Payment;Shopping & Services;Shopping & Services - Other;-28,90;;13/09/2025;14/09/2025;0
12/09/2025;SERENITY INSURANCE;SEPA DIRECT DEBIT SERENITY INSURANCE 2025-09;DEMO202509000199;DEMO SUBSCRIPTION;Direct Debit;Banking & Insurance;Home Insurance;-38,60;;12/09/2025;12/09/2025;0
11/09/2025;MOBILE NOVA;SEPA DIRECT DEBIT MOBILE NOVA 2025-09;DEMO202509000198;DEMO SUBSCRIPTION;Direct Debit;Phone & Internet;Mobile Phone;-14,99;;11/09/2025;11/09/2025;0
11/09/2025;UBER;CARD UBER TRIP PURCHASE 100925;DEMO202509000214;;Card Payment;Transportation;Taxi & Ride-Hailing;-13,69;;10/09/2025;11/09/2025;0
09/09/2025;NOVA FIBER;SEPA DIRECT DEBIT NOVA FIBER 2025-09;DEMO202509000197;DEMO SUBSCRIPTION;Direct Debit;Phone & Internet;Internet;-29,99;;09/09/2025;09/09/2025;0
09/09/2025;INTERMARCHE;CARD INTERMARCHE PURCHASE 080925;DEMO202509000208;;Card Payment;Food;Supermarket;-79,12;;08/09/2025;09/09/2025;0
07/09/2025;CLEAR ENERGY;SEPA DIRECT DEBIT CLEAR ENERGY 2025-09;DEMO202509000196;DEMO MONTHLY ENERGY BILL;Direct Debit;Housing & Real Estate;Electricity, Gas & Water;-69,00;;07/09/2025;07/09/2025;0
07/09/2025;SUSHI DEMO;CARD SUSHI DEMO PURCHASE 060925;DEMO202509000212;;Card Payment;Food;Restaurants & Cafes;-41,59;;06/09/2025;07/09/2025;0
03/09/2025;LILAC RESIDENCE;SEPA TRANSFER RENT 2025-09;DEMO202509000195;RENT AND SERVICE CHARGES - FICTIONAL DATA;Bank Transfer;Housing & Real Estate;Rent & Service Charges;-820,00;;03/09/2025;03/09/2025;0
03/09/2025;LIDL;CARD LIDL PURCHASE 020925;DEMO202509000207;;Card Payment;Food;Supermarket;-59,18;;02/09/2025;03/09/2025;0
28/08/2025;HORIZON WORKSHOP DEMO;SEPA TRANSFER HORIZON WORKSHOP SALARY 2025-08;DEMO202508000170;NET SALARY 2025-08 - FICTIONAL DATA;Incoming Bank Transfer;Salary & Income;Salary;;+2850,00;28/08/2025;28/08/2025;0
27/08/2025;CARREFOUR CITY;CARD CARREFOUR CITY PURCHASE 260825;DEMO202508000187;;Card Payment;Food;Supermarket;-97,32;;26/08/2025;27/08/2025;0
26/08/2025;UBER;CARD UBER TRIP PURCHASE 250825;DEMO202508000191;;Card Payment;Transportation;Taxi & Ride-Hailing;-13,96;;25/08/2025;26/08/2025;0
24/08/2025;NAVIGO;SEPA DIRECT DEBIT NAVIGO 2025-08;DEMO202508000180;DEMO SUBSCRIPTION;Direct Debit;Transportation;Public Transportation;-86,40;;24/08/2025;24/08/2025;0
23/08/2025;SUSHI DEMO;CARD SUSHI DEMO PURCHASE 220825;DEMO202508000189;;Card Payment;Food;Restaurants & Cafes;-42,77;;22/08/2025;23/08/2025;0
21/08/2025;BASIC FIT;SEPA DIRECT DEBIT BASIC FIT 2025-08;DEMO202508000179;DEMO SUBSCRIPTION;Direct Debit;Health & Wellness;Sports & Fitness;-24,99;;21/08/2025;21/08/2025;0
21/08/2025;MONOPRIX;CARD MONOPRIX PURCHASE 200825;DEMO202508000186;;Card Payment;Food;Supermarket;-80,39;;20/08/2025;21/08/2025;0
19/08/2025;OPENAI CHATGPT;CARD OPENAI CHATGPT 2025-08;DEMO202508000178;DEMO SUBSCRIPTION;Card Payment;Shopping & Services;Digital Services;-23,00;;18/08/2025;19/08/2025;0
18/08/2025;BANK FEES;DEMO PACKAGE FEE;DEMO202508000181;;Bank Fees;Banking & Insurance;Bank Fees;-9,90;;18/08/2025;18/08/2025;0
18/08/2025;FEE REBATE;DEMO PACKAGE SERVICES REBATE;DEMO202508000182;;Bank Fees;Banking & Insurance;Bank Fees;;+4,95;18/08/2025;18/08/2025;0
17/08/2025;NETFLIX;CARD NETFLIX 2025-08;DEMO202508000177;DEMO SUBSCRIPTION;Card Payment;Leisure & Travel;Video Streaming;-13,49;;16/08/2025;17/08/2025;0
15/08/2025;LIDL;CARD LIDL PURCHASE 140825;DEMO202508000185;;Card Payment;Food;Supermarket;-59,46;;14/08/2025;15/08/2025;0
15/08/2025;SPOTIFY;CARD SPOTIFY 2025-08;DEMO202508000176;DEMO SUBSCRIPTION;Card Payment;Leisure & Travel;Music;-11,12;;14/08/2025;15/08/2025;0
14/08/2025;AMAZON DEMO;CARD AMAZON DEMO PURCHASE 130825;DEMO202508000192;;Card Payment;Shopping & Services;Shopping & Services - Other;-89,36;;13/08/2025;14/08/2025;0
12/08/2025;SERENITY INSURANCE;SEPA DIRECT DEBIT SERENITY INSURANCE 2025-08;DEMO202508000175;DEMO SUBSCRIPTION;Direct Debit;Banking & Insurance;Home Insurance;-38,60;;12/08/2025;12/08/2025;0
11/08/2025;MOBILE NOVA;SEPA DIRECT DEBIT MOBILE NOVA 2025-08;DEMO202508000174;DEMO SUBSCRIPTION;Direct Debit;Phone & Internet;Mobile Phone;-14,99;;11/08/2025;11/08/2025;0
11/08/2025;UBER;CARD UBER TRIP PURCHASE 100825;DEMO202508000190;;Card Payment;Transportation;Taxi & Ride-Hailing;-21,53;;10/08/2025;11/08/2025;0
09/08/2025;NOVA FIBER;SEPA DIRECT DEBIT NOVA FIBER 2025-08;DEMO202508000173;DEMO SUBSCRIPTION;Direct Debit;Phone & Internet;Internet;-29,99;;09/08/2025;09/08/2025;0
09/08/2025;INTERMARCHE;CARD INTERMARCHE PURCHASE 080825;DEMO202508000184;;Card Payment;Food;Supermarket;-83,29;;08/08/2025;09/08/2025;0
07/08/2025;CLEAR ENERGY;SEPA DIRECT DEBIT CLEAR ENERGY 2025-08;DEMO202508000172;DEMO MONTHLY ENERGY BILL;Direct Debit;Housing & Real Estate;Electricity, Gas & Water;-62,00;;07/08/2025;07/08/2025;0
07/08/2025;SUSHI DEMO;CARD SUSHI DEMO PURCHASE 060825;DEMO202508000188;;Card Payment;Food;Restaurants & Cafes;-26,13;;06/08/2025;07/08/2025;0
03/08/2025;LILAC RESIDENCE;SEPA TRANSFER RENT 2025-08;DEMO202508000171;RENT AND SERVICE CHARGES - FICTIONAL DATA;Bank Transfer;Housing & Real Estate;Rent & Service Charges;-820,00;;03/08/2025;03/08/2025;0
03/08/2025;CARREFOUR CITY;CARD CARREFOUR CITY PURCHASE 020825;DEMO202508000183;;Card Payment;Food;Supermarket;-71,60;;02/08/2025;03/08/2025;0
28/07/2025;HORIZON WORKSHOP DEMO;SEPA TRANSFER HORIZON WORKSHOP SALARY 2025-07;DEMO202507000146;NET SALARY 2025-07 - FICTIONAL DATA;Incoming Bank Transfer;Salary & Income;Salary;;+2850,00;28/07/2025;28/07/2025;0
27/07/2025;MONOPRIX;CARD MONOPRIX PURCHASE 260725;DEMO202507000163;;Card Payment;Food;Supermarket;-71,98;;26/07/2025;27/07/2025;0
26/07/2025;UBER;CARD UBER TRIP PURCHASE 250725;DEMO202507000167;;Card Payment;Transportation;Taxi & Ride-Hailing;-16,83;;25/07/2025;26/07/2025;0
24/07/2025;NAVIGO;SEPA DIRECT DEBIT NAVIGO 2025-07;DEMO202507000156;DEMO SUBSCRIPTION;Direct Debit;Transportation;Public Transportation;-86,40;;24/07/2025;24/07/2025;0
23/07/2025;SUSHI DEMO;CARD SUSHI DEMO PURCHASE 220725;DEMO202507000165;;Card Payment;Food;Restaurants & Cafes;-24,26;;22/07/2025;23/07/2025;0
21/07/2025;BASIC FIT;SEPA DIRECT DEBIT BASIC FIT 2025-07;DEMO202507000155;DEMO SUBSCRIPTION;Direct Debit;Health & Wellness;Sports & Fitness;-24,99;;21/07/2025;21/07/2025;0
21/07/2025;MONOPRIX;CARD MONOPRIX PURCHASE 200725;DEMO202507000162;;Card Payment;Food;Supermarket;-71,37;;20/07/2025;21/07/2025;0
19/07/2025;OPENAI CHATGPT;CARD OPENAI CHATGPT 2025-07;DEMO202507000154;DEMO SUBSCRIPTION;Card Payment;Shopping & Services;Digital Services;-23,00;;18/07/2025;19/07/2025;0
18/07/2025;BANK FEES;DEMO PACKAGE FEE;DEMO202507000157;;Bank Fees;Banking & Insurance;Bank Fees;-9,90;;18/07/2025;18/07/2025;0
18/07/2025;FEE REBATE;DEMO PACKAGE SERVICES REBATE;DEMO202507000158;;Bank Fees;Banking & Insurance;Bank Fees;;+4,95;18/07/2025;18/07/2025;0
18/07/2025;CENTRAL PHARMACY;CARD CENTRAL PHARMACY PURCHASE 170725;DEMO202507000169;;Card Payment;Health & Wellness;Pharmacy;-23,24;;17/07/2025;18/07/2025;0
17/07/2025;NETFLIX;CARD NETFLIX 2025-07;DEMO202507000153;DEMO SUBSCRIPTION;Card Payment;Leisure & Travel;Video Streaming;-13,49;;16/07/2025;17/07/2025;0
15/07/2025;MONOPRIX;CARD MONOPRIX PURCHASE 140725;DEMO202507000161;;Card Payment;Food;Supermarket;-49,10;;14/07/2025;15/07/2025;0
15/07/2025;SPOTIFY;CARD SPOTIFY 2025-07;DEMO202507000152;DEMO SUBSCRIPTION;Card Payment;Leisure & Travel;Music;-11,12;;14/07/2025;15/07/2025;0
14/07/2025;FNAC DIRECT;CARD FNAC DIRECT PURCHASE 130725;DEMO202507000168;;Card Payment;Shopping & Services;Shopping & Services - Other;-95,19;;13/07/2025;14/07/2025;0
12/07/2025;SERENITY INSURANCE;SEPA DIRECT DEBIT SERENITY INSURANCE 2025-07;DEMO202507000151;DEMO SUBSCRIPTION;Direct Debit;Banking & Insurance;Home Insurance;-38,60;;12/07/2025;12/07/2025;0
11/07/2025;MOBILE NOVA;SEPA DIRECT DEBIT MOBILE NOVA 2025-07;DEMO202507000150;DEMO SUBSCRIPTION;Direct Debit;Phone & Internet;Mobile Phone;-14,99;;11/07/2025;11/07/2025;0
11/07/2025;UBER;CARD UBER TRIP PURCHASE 100725;DEMO202507000166;;Card Payment;Transportation;Taxi & Ride-Hailing;-23,39;;10/07/2025;11/07/2025;0
10/07/2025;RIVIERA HOTEL DEMO;CARD RIVIERA HOTEL DEMO;DEMO202507000436;EXCEPTIONAL DEMO TRANSACTION;Card Payment;Leisure & Travel;Hotels;-412,80;;09/07/2025;10/07/2025;0
09/07/2025;NOVA FIBER;SEPA DIRECT DEBIT NOVA FIBER 2025-07;DEMO202507000149;DEMO SUBSCRIPTION;Direct Debit;Phone & Internet;Internet;-29,99;;09/07/2025;09/07/2025;0
09/07/2025;INTERMARCHE;CARD INTERMARCHE PURCHASE 080725;DEMO202507000160;;Card Payment;Food;Supermarket;-85,81;;08/07/2025;09/07/2025;0
08/07/2025;AIR FRANCE DEMO;CARD AIR FRANCE DEMO;DEMO202507000435;EXCEPTIONAL DEMO TRANSACTION;Card Payment;Leisure & Travel;Travel;-286,40;;07/07/2025;08/07/2025;0
07/07/2025;CLEAR ENERGY;SEPA DIRECT DEBIT CLEAR ENERGY 2025-07;DEMO202507000148;DEMO MONTHLY ENERGY BILL;Direct Debit;Housing & Real Estate;Electricity, Gas & Water;-60,00;;07/07/2025;07/07/2025;0
07/07/2025;SUSHI DEMO;CARD SUSHI DEMO PURCHASE 060725;DEMO202507000164;;Card Payment;Food;Restaurants & Cafes;-53,78;;06/07/2025;07/07/2025;0
03/07/2025;LILAC RESIDENCE;SEPA TRANSFER RENT 2025-07;DEMO202507000147;RENT AND SERVICE CHARGES - FICTIONAL DATA;Bank Transfer;Housing & Real Estate;Rent & Service Charges;-820,00;;03/07/2025;03/07/2025;0
03/07/2025;INTERMARCHE;CARD INTERMARCHE PURCHASE 020725;DEMO202507000159;;Card Payment;Food;Supermarket;-62,15;;02/07/2025;03/07/2025;0
28/06/2025;HORIZON WORKSHOP DEMO;SEPA TRANSFER HORIZON WORKSHOP SALARY 2025-06;DEMO202506000121;NET SALARY 2025-06 - FICTIONAL DATA;Incoming Bank Transfer;Salary & Income;Salary;;+2850,00;28/06/2025;28/06/2025;0
27/06/2025;LIDL;CARD LIDL PURCHASE 260625;DEMO202506000139;;Card Payment;Food;Supermarket;-104,58;;26/06/2025;27/06/2025;0
26/06/2025;UBER;CARD UBER TRIP PURCHASE 250625;DEMO202506000143;;Card Payment;Transportation;Taxi & Ride-Hailing;-9,96;;25/06/2025;26/06/2025;0
24/06/2025;NAVIGO;SEPA DIRECT DEBIT NAVIGO 2025-06;DEMO202506000132;DEMO SUBSCRIPTION;Direct Debit;Transportation;Public Transportation;-86,40;;24/06/2025;24/06/2025;0
23/06/2025;SUSHI DEMO;CARD SUSHI DEMO PURCHASE 220625;DEMO202506000141;;Card Payment;Food;Restaurants & Cafes;-52,72;;22/06/2025;23/06/2025;0
21/06/2025;BASIC FIT;SEPA DIRECT DEBIT BASIC FIT 2025-06;DEMO202506000131;DEMO SUBSCRIPTION;Direct Debit;Health & Wellness;Sports & Fitness;-24,99;;21/06/2025;21/06/2025;0
21/06/2025;CARREFOUR CITY;CARD CARREFOUR CITY PURCHASE 200625;DEMO202506000138;;Card Payment;Food;Supermarket;-38,64;;20/06/2025;21/06/2025;0
20/06/2025;FREELANCE ASSIGNMENT DEMO;SEPA TRANSFER FREELANCE ASSIGNMENT DEMO;DEMO202506000122;QUARTERLY ASSIGNMENT 2025-06;Incoming Bank Transfer;Salary & Income;Additional Income;;+582,66;20/06/2025;20/06/2025;0
19/06/2025;GROUP REFUND DEMO;SEPA TRANSFER GROUP REFUND DEMO;DEMO202506000145;FICTIONAL EXPENSE SHARING;Incoming Bank Transfer;Transfers;Reimbursement Between Friends & Family;;+91,66;19/06/2025;19/06/2025;0
19/06/2025;OPENAI CHATGPT;CARD OPENAI CHATGPT 2025-06;DEMO202506000130;DEMO SUBSCRIPTION;Card Payment;Shopping & Services;Digital Services;-23,00;;18/06/2025;19/06/2025;0
18/06/2025;BANK FEES;DEMO PACKAGE FEE;DEMO202506000133;;Bank Fees;Banking & Insurance;Bank Fees;-9,90;;18/06/2025;18/06/2025;0
18/06/2025;FEE REBATE;DEMO PACKAGE SERVICES REBATE;DEMO202506000134;;Bank Fees;Banking & Insurance;Bank Fees;;+4,95;18/06/2025;18/06/2025;0
17/06/2025;NETFLIX;CARD NETFLIX 2025-06;DEMO202506000129;DEMO SUBSCRIPTION;Card Payment;Leisure & Travel;Video Streaming;-13,49;;16/06/2025;17/06/2025;0
15/06/2025;INTERMARCHE;CARD INTERMARCHE PURCHASE 140625;DEMO202506000137;;Card Payment;Food;Supermarket;-98,12;;14/06/2025;15/06/2025;0
15/06/2025;SPOTIFY;CARD SPOTIFY 2025-06;DEMO202506000128;DEMO SUBSCRIPTION;Card Payment;Leisure & Travel;Music;-11,12;;14/06/2025;15/06/2025;0
14/06/2025;UNIQLO;CARD UNIQLO PURCHASE 130625;DEMO202506000144;;Card Payment;Shopping & Services;Shopping & Services - Other;-123,71;;13/06/2025;14/06/2025;0
12/06/2025;SERENITY INSURANCE;SEPA DIRECT DEBIT SERENITY INSURANCE 2025-06;DEMO202506000127;DEMO SUBSCRIPTION;Direct Debit;Banking & Insurance;Home Insurance;-38,60;;12/06/2025;12/06/2025;0
11/06/2025;MOBILE NOVA;SEPA DIRECT DEBIT MOBILE NOVA 2025-06;DEMO202506000126;DEMO SUBSCRIPTION;Direct Debit;Phone & Internet;Mobile Phone;-14,99;;11/06/2025;11/06/2025;0
11/06/2025;UBER;CARD UBER TRIP PURCHASE 100625;DEMO202506000142;;Card Payment;Transportation;Taxi & Ride-Hailing;-13,28;;10/06/2025;11/06/2025;0
09/06/2025;NOVA FIBER;SEPA DIRECT DEBIT NOVA FIBER 2025-06;DEMO202506000125;DEMO SUBSCRIPTION;Direct Debit;Phone & Internet;Internet;-29,99;;09/06/2025;09/06/2025;0
09/06/2025;CARREFOUR CITY;CARD CARREFOUR CITY PURCHASE 080625;DEMO202506000136;;Card Payment;Food;Supermarket;-58,32;;08/06/2025;09/06/2025;0
07/06/2025;CLEAR ENERGY;SEPA DIRECT DEBIT CLEAR ENERGY 2025-06;DEMO202506000124;DEMO MONTHLY ENERGY BILL;Direct Debit;Housing & Real Estate;Electricity, Gas & Water;-64,00;;07/06/2025;07/06/2025;0
07/06/2025;REPUBLIC CAFE;CARD REPUBLIC CAFE PURCHASE 060625;DEMO202506000140;;Card Payment;Food;Restaurants & Cafes;-50,93;;06/06/2025;07/06/2025;0
03/06/2025;LILAC RESIDENCE;SEPA TRANSFER RENT 2025-06;DEMO202506000123;RENT AND SERVICE CHARGES - FICTIONAL DATA;Bank Transfer;Housing & Real Estate;Rent & Service Charges;-820,00;;03/06/2025;03/06/2025;0
03/06/2025;CARREFOUR CITY;CARD CARREFOUR CITY PURCHASE 020625;DEMO202506000135;;Card Payment;Food;Supermarket;-88,54;;02/06/2025;03/06/2025;0
28/05/2025;HORIZON WORKSHOP DEMO;SEPA TRANSFER HORIZON WORKSHOP SALARY 2025-05;DEMO202505000097;NET SALARY 2025-05 - FICTIONAL DATA;Incoming Bank Transfer;Salary & Income;Salary;;+2850,00;28/05/2025;28/05/2025;0
27/05/2025;LIDL;CARD LIDL PURCHASE 260525;DEMO202505000114;;Card Payment;Food;Supermarket;-99,41;;26/05/2025;27/05/2025;0
26/05/2025;UBER;CARD UBER TRIP PURCHASE 250525;DEMO202505000118;;Card Payment;Transportation;Taxi & Ride-Hailing;-16,13;;25/05/2025;26/05/2025;0
24/05/2025;NAVIGO;SEPA DIRECT DEBIT NAVIGO 2025-05;DEMO202505000107;DEMO SUBSCRIPTION;Direct Debit;Transportation;Public Transportation;-86,40;;24/05/2025;24/05/2025;0
23/05/2025;SUSHI DEMO;CARD SUSHI DEMO PURCHASE 220525;DEMO202505000116;;Card Payment;Food;Restaurants & Cafes;-38,72;;22/05/2025;23/05/2025;0
21/05/2025;BASIC FIT;SEPA DIRECT DEBIT BASIC FIT 2025-05;DEMO202505000106;DEMO SUBSCRIPTION;Direct Debit;Health & Wellness;Sports & Fitness;-24,99;;21/05/2025;21/05/2025;0
21/05/2025;LIDL;CARD LIDL PURCHASE 200525;DEMO202505000113;;Card Payment;Food;Supermarket;-48,20;;20/05/2025;21/05/2025;0
19/05/2025;OPENAI CHATGPT;CARD OPENAI CHATGPT 2025-05;DEMO202505000105;DEMO SUBSCRIPTION;Card Payment;Shopping & Services;Digital Services;-23,00;;18/05/2025;19/05/2025;0
18/05/2025;BANK FEES;DEMO PACKAGE FEE;DEMO202505000108;;Bank Fees;Banking & Insurance;Bank Fees;-9,90;;18/05/2025;18/05/2025;0
18/05/2025;FEE REBATE;DEMO PACKAGE SERVICES REBATE;DEMO202505000109;;Bank Fees;Banking & Insurance;Bank Fees;;+4,95;18/05/2025;18/05/2025;0
18/05/2025;CENTRAL PHARMACY;CARD CENTRAL PHARMACY PURCHASE 170525;DEMO202505000120;;Card Payment;Health & Wellness;Pharmacy;-14,29;;17/05/2025;18/05/2025;0
17/05/2025;NETFLIX;CARD NETFLIX 2025-05;DEMO202505000104;DEMO SUBSCRIPTION;Card Payment;Leisure & Travel;Video Streaming;-13,49;;16/05/2025;17/05/2025;0
15/05/2025;CARREFOUR CITY;CARD CARREFOUR CITY PURCHASE 140525;DEMO202505000112;;Card Payment;Food;Supermarket;-57,48;;14/05/2025;15/05/2025;0
15/05/2025;SPOTIFY;CARD SPOTIFY 2025-05;DEMO202505000103;DEMO SUBSCRIPTION;Card Payment;Leisure & Travel;Music;-11,12;;14/05/2025;15/05/2025;0
14/05/2025;DECATHLON;CARD DECATHLON PURCHASE 130525;DEMO202505000119;;Card Payment;Shopping & Services;Shopping & Services - Other;-134,36;;13/05/2025;14/05/2025;0
12/05/2025;SERENITY INSURANCE;SEPA DIRECT DEBIT SERENITY INSURANCE 2025-05;DEMO202505000102;DEMO SUBSCRIPTION;Direct Debit;Banking & Insurance;Home Insurance;-38,60;;12/05/2025;12/05/2025;0
11/05/2025;MOBILE NOVA;SEPA DIRECT DEBIT MOBILE NOVA 2025-05;DEMO202505000101;DEMO SUBSCRIPTION;Direct Debit;Phone & Internet;Mobile Phone;-14,99;;11/05/2025;11/05/2025;0
11/05/2025;UBER;CARD UBER TRIP PURCHASE 100525;DEMO202505000117;;Card Payment;Transportation;Taxi & Ride-Hailing;-10,82;;10/05/2025;11/05/2025;0
09/05/2025;NOVA FIBER;SEPA DIRECT DEBIT NOVA FIBER 2025-05;DEMO202505000100;DEMO SUBSCRIPTION;Direct Debit;Phone & Internet;Internet;-29,99;;09/05/2025;09/05/2025;0
09/05/2025;MONOPRIX;CARD MONOPRIX PURCHASE 080525;DEMO202505000111;;Card Payment;Food;Supermarket;-41,41;;08/05/2025;09/05/2025;0
07/05/2025;CLEAR ENERGY;SEPA DIRECT DEBIT CLEAR ENERGY 2025-05;DEMO202505000099;DEMO MONTHLY ENERGY BILL;Direct Debit;Housing & Real Estate;Electricity, Gas & Water;-70,00;;07/05/2025;07/05/2025;0
07/05/2025;REPUBLIC CAFE;CARD REPUBLIC CAFE PURCHASE 060525;DEMO202505000115;;Card Payment;Food;Restaurants & Cafes;-27,59;;06/05/2025;07/05/2025;0
03/05/2025;LILAC RESIDENCE;SEPA TRANSFER RENT 2025-05;DEMO202505000098;RENT AND SERVICE CHARGES - FICTIONAL DATA;Bank Transfer;Housing & Real Estate;Rent & Service Charges;-820,00;;03/05/2025;03/05/2025;0
03/05/2025;MONOPRIX;CARD MONOPRIX PURCHASE 020525;DEMO202505000110;;Card Payment;Food;Supermarket;-92,27;;02/05/2025;03/05/2025;0
28/04/2025;HORIZON WORKSHOP DEMO;SEPA TRANSFER HORIZON WORKSHOP SALARY 2025-04;DEMO202504000074;NET SALARY 2025-04 - FICTIONAL DATA;Incoming Bank Transfer;Salary & Income;Salary;;+2850,00;28/04/2025;28/04/2025;0
27/04/2025;CARREFOUR CITY;CARD CARREFOUR CITY PURCHASE 260425;DEMO202504000091;;Card Payment;Food;Supermarket;-64,94;;26/04/2025;27/04/2025;0
26/04/2025;UBER;CARD UBER TRIP PURCHASE 250425;DEMO202504000095;;Card Payment;Transportation;Taxi & Ride-Hailing;-19,66;;25/04/2025;26/04/2025;0
24/04/2025;NAVIGO;SEPA DIRECT DEBIT NAVIGO 2025-04;DEMO202504000084;DEMO SUBSCRIPTION;Direct Debit;Transportation;Public Transportation;-86,40;;24/04/2025;24/04/2025;0
23/04/2025;SUSHI DEMO;CARD SUSHI DEMO PURCHASE 220425;DEMO202504000093;;Card Payment;Food;Restaurants & Cafes;-19,74;;22/04/2025;23/04/2025;0
21/04/2025;BASIC FIT;SEPA DIRECT DEBIT BASIC FIT 2025-04;DEMO202504000083;DEMO SUBSCRIPTION;Direct Debit;Health & Wellness;Sports & Fitness;-24,99;;21/04/2025;21/04/2025;0
21/04/2025;CARREFOUR CITY;CARD CARREFOUR CITY PURCHASE 200425;DEMO202504000090;;Card Payment;Food;Supermarket;-74,38;;20/04/2025;21/04/2025;0
19/04/2025;OPENAI CHATGPT;CARD OPENAI CHATGPT 2025-04;DEMO202504000082;DEMO SUBSCRIPTION;Card Payment;Shopping & Services;Digital Services;-23,00;;18/04/2025;19/04/2025;0
18/04/2025;BANK FEES;DEMO PACKAGE FEE;DEMO202504000085;;Bank Fees;Banking & Insurance;Bank Fees;-9,90;;18/04/2025;18/04/2025;0
18/04/2025;FEE REBATE;DEMO PACKAGE SERVICES REBATE;DEMO202504000086;;Bank Fees;Banking & Insurance;Bank Fees;;+4,95;18/04/2025;18/04/2025;0
17/04/2025;NETFLIX;CARD NETFLIX 2025-04;DEMO202504000081;DEMO SUBSCRIPTION;Card Payment;Leisure & Travel;Video Streaming;-13,49;;16/04/2025;17/04/2025;0
15/04/2025;MONOPRIX;CARD MONOPRIX PURCHASE 140425;DEMO202504000089;;Card Payment;Food;Supermarket;-55,34;;14/04/2025;15/04/2025;0
15/04/2025;SPOTIFY;CARD SPOTIFY 2025-04;DEMO202504000080;DEMO SUBSCRIPTION;Card Payment;Leisure & Travel;Music;-11,12;;14/04/2025;15/04/2025;0
14/04/2025;AMAZON DEMO;CARD AMAZON DEMO PURCHASE 130425;DEMO202504000096;;Card Payment;Shopping & Services;Shopping & Services - Other;-65,12;;13/04/2025;14/04/2025;0
12/04/2025;SERENITY INSURANCE;SEPA DIRECT DEBIT SERENITY INSURANCE 2025-04;DEMO202504000079;DEMO SUBSCRIPTION;Direct Debit;Banking & Insurance;Home Insurance;-38,60;;12/04/2025;12/04/2025;0
11/04/2025;MOBILE NOVA;SEPA DIRECT DEBIT MOBILE NOVA 2025-04;DEMO202504000078;DEMO SUBSCRIPTION;Direct Debit;Phone & Internet;Mobile Phone;-14,99;;11/04/2025;11/04/2025;0
11/04/2025;UBER;CARD UBER TRIP PURCHASE 100425;DEMO202504000094;;Card Payment;Transportation;Taxi & Ride-Hailing;-18,63;;10/04/2025;11/04/2025;0
09/04/2025;NOVA FIBER;SEPA DIRECT DEBIT NOVA FIBER 2025-04;DEMO202504000077;DEMO SUBSCRIPTION;Direct Debit;Phone & Internet;Internet;-29,99;;09/04/2025;09/04/2025;0
09/04/2025;CARREFOUR CITY;CARD CARREFOUR CITY PURCHASE 080425;DEMO202504000088;;Card Payment;Food;Supermarket;-80,33;;08/04/2025;09/04/2025;0
07/04/2025;CLEAR ENERGY;SEPA DIRECT DEBIT CLEAR ENERGY 2025-04;DEMO202504000076;DEMO MONTHLY ENERGY BILL;Direct Debit;Housing & Real Estate;Electricity, Gas & Water;-77,00;;07/04/2025;07/04/2025;0
07/04/2025;REPUBLIC CAFE;CARD REPUBLIC CAFE PURCHASE 060425;DEMO202504000092;;Card Payment;Food;Restaurants & Cafes;-21,22;;06/04/2025;07/04/2025;0
03/04/2025;LILAC RESIDENCE;SEPA TRANSFER RENT 2025-04;DEMO202504000075;RENT AND SERVICE CHARGES - FICTIONAL DATA;Bank Transfer;Housing & Real Estate;Rent & Service Charges;-820,00;;03/04/2025;03/04/2025;0
03/04/2025;CARREFOUR CITY;CARD CARREFOUR CITY PURCHASE 020425;DEMO202504000087;;Card Payment;Food;Supermarket;-71,13;;02/04/2025;03/04/2025;0
28/03/2025;HORIZON WORKSHOP DEMO;SEPA TRANSFER HORIZON WORKSHOP SALARY 2025-03;DEMO202503000049;NET SALARY 2025-03 - FICTIONAL DATA;Incoming Bank Transfer;Salary & Income;Salary;;+2850,00;28/03/2025;28/03/2025;0
27/03/2025;CARREFOUR CITY;CARD CARREFOUR CITY PURCHASE 260325;DEMO202503000067;;Card Payment;Food;Supermarket;-86,96;;26/03/2025;27/03/2025;0
26/03/2025;UBER;CARD UBER TRIP PURCHASE 250325;DEMO202503000071;;Card Payment;Transportation;Taxi & Ride-Hailing;-17,96;;25/03/2025;26/03/2025;0
24/03/2025;NAVIGO;SEPA DIRECT DEBIT NAVIGO 2025-03;DEMO202503000060;DEMO SUBSCRIPTION;Direct Debit;Transportation;Public Transportation;-86,40;;24/03/2025;24/03/2025;0
23/03/2025;REPUBLIC CAFE;CARD REPUBLIC CAFE PURCHASE 220325;DEMO202503000069;;Card Payment;Food;Restaurants & Cafes;-48,47;;22/03/2025;23/03/2025;0
21/03/2025;BASIC FIT;SEPA DIRECT DEBIT BASIC FIT 2025-03;DEMO202503000059;DEMO SUBSCRIPTION;Direct Debit;Health & Wellness;Sports & Fitness;-24,99;;21/03/2025;21/03/2025;0
21/03/2025;MONOPRIX;CARD MONOPRIX PURCHASE 200325;DEMO202503000066;;Card Payment;Food;Supermarket;-59,97;;20/03/2025;21/03/2025;0
20/03/2025;FREELANCE ASSIGNMENT DEMO;SEPA TRANSFER FREELANCE ASSIGNMENT DEMO;DEMO202503000050;QUARTERLY ASSIGNMENT 2025-03;Incoming Bank Transfer;Salary & Income;Additional Income;;+641,26;20/03/2025;20/03/2025;0
19/03/2025;OPENAI CHATGPT;CARD OPENAI CHATGPT 2025-03;DEMO202503000058;DEMO SUBSCRIPTION;Card Payment;Shopping & Services;Digital Services;-23,00;;18/03/2025;19/03/2025;0
18/03/2025;BANK FEES;DEMO PACKAGE FEE;DEMO202503000061;;Bank Fees;Banking & Insurance;Bank Fees;-9,90;;18/03/2025;18/03/2025;0
18/03/2025;FEE REBATE;DEMO PACKAGE SERVICES REBATE;DEMO202503000062;;Bank Fees;Banking & Insurance;Bank Fees;;+4,95;18/03/2025;18/03/2025;0
18/03/2025;CENTRAL PHARMACY;CARD CENTRAL PHARMACY PURCHASE 170325;DEMO202503000073;;Card Payment;Health & Wellness;Pharmacy;-41,78;;17/03/2025;18/03/2025;0
17/03/2025;NETFLIX;CARD NETFLIX 2025-03;DEMO202503000057;DEMO SUBSCRIPTION;Card Payment;Leisure & Travel;Video Streaming;-13,49;;16/03/2025;17/03/2025;0
15/03/2025;CARREFOUR CITY;CARD CARREFOUR CITY PURCHASE 140325;DEMO202503000065;;Card Payment;Food;Supermarket;-84,64;;14/03/2025;15/03/2025;0
15/03/2025;SPOTIFY;CARD SPOTIFY 2025-03;DEMO202503000056;DEMO SUBSCRIPTION;Card Payment;Leisure & Travel;Music;-11,12;;14/03/2025;15/03/2025;0
14/03/2025;AMAZON DEMO;CARD AMAZON DEMO PURCHASE 130325;DEMO202503000072;;Card Payment;Shopping & Services;Shopping & Services - Other;-113,70;;13/03/2025;14/03/2025;0
12/03/2025;SERENITY INSURANCE;SEPA DIRECT DEBIT SERENITY INSURANCE 2025-03;DEMO202503000055;DEMO SUBSCRIPTION;Direct Debit;Banking & Insurance;Home Insurance;-38,60;;12/03/2025;12/03/2025;0
11/03/2025;MOBILE NOVA;SEPA DIRECT DEBIT MOBILE NOVA 2025-03;DEMO202503000054;DEMO SUBSCRIPTION;Direct Debit;Phone & Internet;Mobile Phone;-14,99;;11/03/2025;11/03/2025;0
11/03/2025;UBER;CARD UBER TRIP PURCHASE 100325;DEMO202503000070;;Card Payment;Transportation;Taxi & Ride-Hailing;-24,62;;10/03/2025;11/03/2025;0
09/03/2025;NOVA FIBER;SEPA DIRECT DEBIT NOVA FIBER 2025-03;DEMO202503000053;DEMO SUBSCRIPTION;Direct Debit;Phone & Internet;Internet;-29,99;;09/03/2025;09/03/2025;0
09/03/2025;INTERMARCHE;CARD INTERMARCHE PURCHASE 080325;DEMO202503000064;;Card Payment;Food;Supermarket;-47,65;;08/03/2025;09/03/2025;0
07/03/2025;CLEAR ENERGY;SEPA DIRECT DEBIT CLEAR ENERGY 2025-03;DEMO202503000052;DEMO MONTHLY ENERGY BILL;Direct Debit;Housing & Real Estate;Electricity, Gas & Water;-84,00;;07/03/2025;07/03/2025;0
07/03/2025;SUSHI DEMO;CARD SUSHI DEMO PURCHASE 060325;DEMO202503000068;;Card Payment;Food;Restaurants & Cafes;-41,37;;06/03/2025;07/03/2025;0
03/03/2025;LILAC RESIDENCE;SEPA TRANSFER RENT 2025-03;DEMO202503000051;RENT AND SERVICE CHARGES - FICTIONAL DATA;Bank Transfer;Housing & Real Estate;Rent & Service Charges;-820,00;;03/03/2025;03/03/2025;0
03/03/2025;INTERMARCHE;CARD INTERMARCHE PURCHASE 020325;DEMO202503000063;;Card Payment;Food;Supermarket;-76,93;;02/03/2025;03/03/2025;0
28/02/2025;HORIZON WORKSHOP DEMO;SEPA TRANSFER HORIZON WORKSHOP SALARY 2025-02;DEMO202502000025;NET SALARY 2025-02 - FICTIONAL DATA;Incoming Bank Transfer;Salary & Income;Salary;;+2850,00;28/02/2025;28/02/2025;0
27/02/2025;LIDL;CARD LIDL PURCHASE 260225;DEMO202502000042;;Card Payment;Food;Supermarket;-45,49;;26/02/2025;27/02/2025;0
26/02/2025;UBER;CARD UBER TRIP PURCHASE 250225;DEMO202502000046;;Card Payment;Transportation;Taxi & Ride-Hailing;-19,17;;25/02/2025;26/02/2025;0
24/02/2025;NAVIGO;SEPA DIRECT DEBIT NAVIGO 2025-02;DEMO202502000035;DEMO SUBSCRIPTION;Direct Debit;Transportation;Public Transportation;-86,40;;24/02/2025;24/02/2025;0
23/02/2025;REPUBLIC CAFE;CARD REPUBLIC CAFE PURCHASE 220225;DEMO202502000044;;Card Payment;Food;Restaurants & Cafes;-46,82;;22/02/2025;23/02/2025;0
21/02/2025;BASIC FIT;SEPA DIRECT DEBIT BASIC FIT 2025-02;DEMO202502000034;DEMO SUBSCRIPTION;Direct Debit;Health & Wellness;Sports & Fitness;-24,99;;21/02/2025;21/02/2025;0
21/02/2025;LIDL;CARD LIDL PURCHASE 200225;DEMO202502000041;;Card Payment;Food;Supermarket;-96,14;;20/02/2025;21/02/2025;0
19/02/2025;GROUP REFUND DEMO;SEPA TRANSFER GROUP REFUND DEMO;DEMO202502000048;FICTIONAL EXPENSE SHARING;Incoming Bank Transfer;Transfers;Reimbursement Between Friends & Family;;+74,95;19/02/2025;19/02/2025;0
19/02/2025;OPENAI CHATGPT;CARD OPENAI CHATGPT 2025-02;DEMO202502000033;DEMO SUBSCRIPTION;Card Payment;Shopping & Services;Digital Services;-23,00;;18/02/2025;19/02/2025;0
18/02/2025;BANK FEES;DEMO PACKAGE FEE;DEMO202502000036;;Bank Fees;Banking & Insurance;Bank Fees;-9,90;;18/02/2025;18/02/2025;0
18/02/2025;FEE REBATE;DEMO PACKAGE SERVICES REBATE;DEMO202502000037;;Bank Fees;Banking & Insurance;Bank Fees;;+4,95;18/02/2025;18/02/2025;0
17/02/2025;NETFLIX;CARD NETFLIX 2025-02;DEMO202502000032;DEMO SUBSCRIPTION;Card Payment;Leisure & Travel;Video Streaming;-13,49;;16/02/2025;17/02/2025;0
15/02/2025;CARREFOUR CITY;CARD CARREFOUR CITY PURCHASE 140225;DEMO202502000040;;Card Payment;Food;Supermarket;-84,55;;14/02/2025;15/02/2025;0
15/02/2025;SPOTIFY;CARD SPOTIFY 2025-02;DEMO202502000031;DEMO SUBSCRIPTION;Card Payment;Leisure & Travel;Music;-11,12;;14/02/2025;15/02/2025;0
14/02/2025;AMAZON DEMO;CARD AMAZON DEMO PURCHASE 130225;DEMO202502000047;;Card Payment;Shopping & Services;Shopping & Services - Other;-58,02;;13/02/2025;14/02/2025;0
12/02/2025;SERENITY INSURANCE;SEPA DIRECT DEBIT SERENITY INSURANCE 2025-02;DEMO202502000030;DEMO SUBSCRIPTION;Direct Debit;Banking & Insurance;Home Insurance;-38,60;;12/02/2025;12/02/2025;0
11/02/2025;MOBILE NOVA;SEPA DIRECT DEBIT MOBILE NOVA 2025-02;DEMO202502000029;DEMO SUBSCRIPTION;Direct Debit;Phone & Internet;Mobile Phone;-14,99;;11/02/2025;11/02/2025;0
11/02/2025;UBER;CARD UBER TRIP PURCHASE 100225;DEMO202502000045;;Card Payment;Transportation;Taxi & Ride-Hailing;-17,23;;10/02/2025;11/02/2025;0
09/02/2025;NOVA FIBER;SEPA DIRECT DEBIT NOVA FIBER 2025-02;DEMO202502000028;DEMO SUBSCRIPTION;Direct Debit;Phone & Internet;Internet;-29,99;;09/02/2025;09/02/2025;0
09/02/2025;MONOPRIX;CARD MONOPRIX PURCHASE 080225;DEMO202502000039;;Card Payment;Food;Supermarket;-58,10;;08/02/2025;09/02/2025;0
07/02/2025;CLEAR ENERGY;SEPA DIRECT DEBIT CLEAR ENERGY 2025-02;DEMO202502000027;DEMO MONTHLY ENERGY BILL;Direct Debit;Housing & Real Estate;Electricity, Gas & Water;-92,00;;07/02/2025;07/02/2025;0
07/02/2025;CENTRAL BISTRO;CARD CENTRAL BISTRO PURCHASE 060225;DEMO202502000043;;Card Payment;Food;Restaurants & Cafes;-21,66;;06/02/2025;07/02/2025;0
03/02/2025;LILAC RESIDENCE;SEPA TRANSFER RENT 2025-02;DEMO202502000026;RENT AND SERVICE CHARGES - FICTIONAL DATA;Bank Transfer;Housing & Real Estate;Rent & Service Charges;-820,00;;03/02/2025;03/02/2025;0
03/02/2025;LIDL;CARD LIDL PURCHASE 020225;DEMO202502000038;;Card Payment;Food;Supermarket;-56,65;;02/02/2025;03/02/2025;0
28/01/2025;HORIZON WORKSHOP DEMO;SEPA TRANSFER HORIZON WORKSHOP SALARY 2025-01;DEMO202501000001;NET SALARY 2025-01 - FICTIONAL DATA;Incoming Bank Transfer;Salary & Income;Salary;;+2850,00;28/01/2025;28/01/2025;0
27/01/2025;LIDL;CARD LIDL PURCHASE 260125;DEMO202501000018;;Card Payment;Food;Supermarket;-43,55;;26/01/2025;27/01/2025;0
26/01/2025;UBER;CARD UBER TRIP PURCHASE 250125;DEMO202501000022;;Card Payment;Transportation;Taxi & Ride-Hailing;-19,45;;25/01/2025;26/01/2025;0
24/01/2025;NAVIGO;SEPA DIRECT DEBIT NAVIGO 2025-01;DEMO202501000011;DEMO SUBSCRIPTION;Direct Debit;Transportation;Public Transportation;-86,40;;24/01/2025;24/01/2025;0
23/01/2025;REPUBLIC CAFE;CARD REPUBLIC CAFE PURCHASE 220125;DEMO202501000020;;Card Payment;Food;Restaurants & Cafes;-35,67;;22/01/2025;23/01/2025;0
21/01/2025;BASIC FIT;SEPA DIRECT DEBIT BASIC FIT 2025-01;DEMO202501000010;DEMO SUBSCRIPTION;Direct Debit;Health & Wellness;Sports & Fitness;-24,99;;21/01/2025;21/01/2025;0
21/01/2025;LIDL;CARD LIDL PURCHASE 200125;DEMO202501000017;;Card Payment;Food;Supermarket;-92,53;;20/01/2025;21/01/2025;0
19/01/2025;OPENAI CHATGPT;CARD OPENAI CHATGPT 2025-01;DEMO202501000009;DEMO SUBSCRIPTION;Card Payment;Shopping & Services;Digital Services;-23,00;;18/01/2025;19/01/2025;0
18/01/2025;BANK FEES;DEMO PACKAGE FEE;DEMO202501000012;;Bank Fees;Banking & Insurance;Bank Fees;-9,90;;18/01/2025;18/01/2025;0
18/01/2025;FEE REBATE;DEMO PACKAGE SERVICES REBATE;DEMO202501000013;;Bank Fees;Banking & Insurance;Bank Fees;;+4,95;18/01/2025;18/01/2025;0
18/01/2025;CENTRAL PHARMACY;CARD CENTRAL PHARMACY PURCHASE 170125;DEMO202501000024;;Card Payment;Health & Wellness;Pharmacy;-32,62;;17/01/2025;18/01/2025;0
17/01/2025;NETFLIX;CARD NETFLIX 2025-01;DEMO202501000008;DEMO SUBSCRIPTION;Card Payment;Leisure & Travel;Video Streaming;-13,49;;16/01/2025;17/01/2025;0
15/01/2025;MONOPRIX;CARD MONOPRIX PURCHASE 140125;DEMO202501000016;;Card Payment;Food;Supermarket;-83,82;;14/01/2025;15/01/2025;0
15/01/2025;SPOTIFY;CARD SPOTIFY 2025-01;DEMO202501000007;DEMO SUBSCRIPTION;Card Payment;Leisure & Travel;Music;-11,12;;14/01/2025;15/01/2025;0
14/01/2025;FNAC DIRECT;CARD FNAC DIRECT PURCHASE 130125;DEMO202501000023;;Card Payment;Shopping & Services;Shopping & Services - Other;-83,78;;13/01/2025;14/01/2025;0
12/01/2025;SERENITY INSURANCE;SEPA DIRECT DEBIT SERENITY INSURANCE 2025-01;DEMO202501000006;DEMO SUBSCRIPTION;Direct Debit;Banking & Insurance;Home Insurance;-38,60;;12/01/2025;12/01/2025;0
11/01/2025;MOBILE NOVA;SEPA DIRECT DEBIT MOBILE NOVA 2025-01;DEMO202501000005;DEMO SUBSCRIPTION;Direct Debit;Phone & Internet;Mobile Phone;-14,99;;11/01/2025;11/01/2025;0
11/01/2025;UBER;CARD UBER TRIP PURCHASE 100125;DEMO202501000021;;Card Payment;Transportation;Taxi & Ride-Hailing;-19,59;;10/01/2025;11/01/2025;0
09/01/2025;NOVA FIBER;SEPA DIRECT DEBIT NOVA FIBER 2025-01;DEMO202501000004;DEMO SUBSCRIPTION;Direct Debit;Phone & Internet;Internet;-29,99;;09/01/2025;09/01/2025;0
09/01/2025;LIDL;CARD LIDL PURCHASE 080125;DEMO202501000015;;Card Payment;Food;Supermarket;-84,96;;08/01/2025;09/01/2025;0
07/01/2025;CLEAR ENERGY;SEPA DIRECT DEBIT CLEAR ENERGY 2025-01;DEMO202501000003;DEMO MONTHLY ENERGY BILL;Direct Debit;Housing & Real Estate;Electricity, Gas & Water;-98,00;;07/01/2025;07/01/2025;0
07/01/2025;SUSHI DEMO;CARD SUSHI DEMO PURCHASE 060125;DEMO202501000019;;Card Payment;Food;Restaurants & Cafes;-25,60;;06/01/2025;07/01/2025;0
03/01/2025;LILAC RESIDENCE;SEPA TRANSFER RENT 2025-01;DEMO202501000002;RENT AND SERVICE CHARGES - FICTIONAL DATA;Bank Transfer;Housing & Real Estate;Rent & Service Charges;-820,00;;03/01/2025;03/01/2025;0
03/01/2025;LIDL;CARD LIDL PURCHASE 020125;DEMO202501000014;;Card Payment;Food;Supermarket;-60,63;;02/01/2025;03/01/2025;0
