Date de comptabilisation;Libelle simplifie;Libelle operation;Reference;Informations complementaires;Type operation;Categorie;Sous categorie;Debit;Credit;Date operation;Date de valeur;Pointage operation
28/06/2026;ATELIER HORIZON DEMO;VIR SEPA ATELIER HORIZON SALAIRE 2026-06;DEMO202606000410;SALAIRE NET 2026-06 DONNEES FICTIVES;Virement recu;Salaire et revenus;Salaire;;+2980,00;28/06/2026;28/06/2026;0
27/06/2026;INTERMARCHE;CB INTERMARCHE FACT 260626;DEMO202606000428;;Carte bancaire;Alimentation;Supermarche;-47,34;;26/06/2026;27/06/2026;0
26/06/2026;UBER;CB UBER TRIP FACT 250626;DEMO202606000432;;Carte bancaire;Transport;Taxi et VTC;-11,97;;25/06/2026;26/06/2026;0
24/06/2026;NAVIGO;PRLV SEPA NAVIGO 2026-06;DEMO202606000421;ABONNEMENT DEMO;Prelevement;Transport;Transports en commun;-86,40;;24/06/2026;24/06/2026;0
23/06/2026;BISTROT CENTRAL;CB BISTROT CENTRAL FACT 220626;DEMO202606000430;;Carte bancaire;Alimentation;Restaurants et cafes;-41,26;;22/06/2026;23/06/2026;0
21/06/2026;BASIC FIT;PRLV SEPA BASIC FIT 2026-06;DEMO202606000420;ABONNEMENT DEMO;Prelevement;Sante et bien-etre;Sport;-24,99;;21/06/2026;21/06/2026;0
21/06/2026;BASIC FIT;PRLV SEPA BASIC FIT DOUBLE DEMO;DEMO202606000441;DOUBLON VOLONTAIRE POUR DEMONSTRATION;Prelevement;Sante et bien-etre;Sport;-24,99;;21/06/2026;21/06/2026;0
21/06/2026;MONOPRIX;CB MONOPRIX FACT 200626;DEMO202606000427;;Carte bancaire;Alimentation;Supermarche;-68,40;;20/06/2026;21/06/2026;0
20/06/2026;MISSION FREELANCE DEMO;VIR SEPA MISSION FREELANCE DEMO;DEMO202606000411;MISSION TRIMESTRIELLE 2026-06;Virement recu;Salaire et revenus;Revenus complementaires;;+638,85;20/06/2026;20/06/2026;0
19/06/2026;REMBOURSEMENT GROUPE DEMO;VIR SEPA REMBOURSEMENT GROUPE DEMO;DEMO202606000434;PARTAGE DE DEPENSES FICTIF;Virement recu;Virements;Remboursement entre proches;;+48,01;19/06/2026;19/06/2026;0
19/06/2026;OPENAI CHATGPT;CB OPENAI CHATGPT 2026-06;DEMO202606000419;ABONNEMENT DEMO;Carte bancaire;Shopping et services;Services numeriques;-23,00;;18/06/2026;19/06/2026;0
18/06/2026;COTISATIONS BANCAIRES;COTISATION BOUQUET DEMO;DEMO202606000422;;Frais bancaires;Banque et assurances;Frais bancaires;-9,90;;18/06/2026;18/06/2026;0
18/06/2026;REMISE COTISATIONS;REMISE SERVICES BOUQUET DEMO;DEMO202606000423;;Frais bancaires;Banque et assurances;Frais bancaires;;+4,95;18/06/2026;18/06/2026;0
17/06/2026;NETFLIX;CB NETFLIX 2026-06;DEMO202606000418;ABONNEMENT DEMO;Carte bancaire;Loisirs et vacances;Video;-13,49;;16/06/2026;17/06/2026;0
15/06/2026;INTERMARCHE;CB INTERMARCHE FACT 140626;DEMO202606000426;;Carte bancaire;Alimentation;Supermarche;-72,30;;14/06/2026;15/06/2026;0
15/06/2026;SPOTIFY;CB SPOTIFY 2026-06;DEMO202606000417;ABONNEMENT DEMO;Carte bancaire;Loisirs et vacances;Musique;-11,12;;14/06/2026;15/06/2026;0
14/06/2026;AMAZON DEMO;CB AMAZON DEMO FACT 130626;DEMO202606000433;;Carte bancaire;Shopping et services;Shopping et services - autre;-126,03;;13/06/2026;14/06/2026;0
12/06/2026;ASSURANCE SERENITE;PRLV SEPA ASSURANCE SERENITE 2026-06;DEMO202606000416;ABONNEMENT DEMO;Prelevement;Banque et assurances;Assurance habitation;-38,60;;12/06/2026;12/06/2026;0
11/06/2026;MOBILE NOVA;PRLV SEPA MOBILE NOVA 2026-06;DEMO202606000415;ABONNEMENT DEMO;Prelevement;Telephonie et internet;Telephone mobile;-14,99;;11/06/2026;11/06/2026;0
11/06/2026;UBER;CB UBER TRIP FACT 100626;DEMO202606000431;;Carte bancaire;Transport;Taxi et VTC;-24,65;;10/06/2026;11/06/2026;0
09/06/2026;FIBRE NOVA;PRLV SEPA FIBRE NOVA 2026-06;DEMO202606000414;ABONNEMENT DEMO;Prelevement;Telephonie et internet;Internet;-29,99;;09/06/2026;09/06/2026;0
09/06/2026;INTERMARCHE;CB INTERMARCHE FACT 080626;DEMO202606000425;;Carte bancaire;Alimentation;Supermarche;-51,15;;08/06/2026;09/06/2026;0
07/06/2026;ENERGIE CLAIRE;PRLV SEPA ENERGIE CLAIRE 2026-06;DEMO202606000413;NOUVEAU TARIF ENERGIE DEMO;Prelevement;Logement et immobilier;Electricite, gaz et eau;-98,00;;07/06/2026;07/06/2026;0
07/06/2026;BISTROT CENTRAL;CB BISTROT CENTRAL FACT 060626;DEMO202606000429;;Carte bancaire;Alimentation;Restaurants et cafes;-48,96;;06/06/2026;07/06/2026;0
03/06/2026;RESIDENCE DES LILAS;VIR SEPA LOYER 2026-06;DEMO202606000412;LOYER ET CHARGES DONNEES FICTIVES;Virement;Logement et immobilier;Loyer et charges;-820,00;;03/06/2026;03/06/2026;0
03/06/2026;CARREFOUR CITY;CB CARREFOUR CITY FACT 020626;DEMO202606000424;;Carte bancaire;Alimentation;Supermarche;-105,70;;02/06/2026;03/06/2026;0
28/05/2026;ATELIER HORIZON DEMO;VIR SEPA ATELIER HORIZON SALAIRE 2026-05;DEMO202605000386;SALAIRE NET 2026-05 DONNEES FICTIVES;Virement recu;Salaire et revenus;Salaire;;+2980,00;28/05/2026;28/05/2026;0
27/05/2026;MONOPRIX;CB MONOPRIX FACT 260526;DEMO202605000403;;Carte bancaire;Alimentation;Supermarche;-101,00;;26/05/2026;27/05/2026;0
26/05/2026;UBER;CB UBER TRIP FACT 250526;DEMO202605000407;;Carte bancaire;Transport;Taxi et VTC;-11,28;;25/05/2026;26/05/2026;0
24/05/2026;NAVIGO;PRLV SEPA NAVIGO 2026-05;DEMO202605000396;ABONNEMENT DEMO;Prelevement;Transport;Transports en commun;-86,40;;24/05/2026;24/05/2026;0
23/05/2026;CAFE REPUBLIQUE;CB CAFE REPUBLIQUE FACT 220526;DEMO202605000405;;Carte bancaire;Alimentation;Restaurants et cafes;-18,44;;22/05/2026;23/05/2026;0
21/05/2026;BASIC FIT;PRLV SEPA BASIC FIT 2026-05;DEMO202605000395;ABONNEMENT DEMO;Prelevement;Sante et bien-etre;Sport;-24,99;;21/05/2026;21/05/2026;0
21/05/2026;INTERMARCHE;CB INTERMARCHE FACT 200526;DEMO202605000402;;Carte bancaire;Alimentation;Supermarche;-49,06;;20/05/2026;21/05/2026;0
19/05/2026;OPENAI CHATGPT;CB OPENAI CHATGPT 2026-05;DEMO202605000394;ABONNEMENT DEMO;Carte bancaire;Shopping et services;Services numeriques;-23,00;;18/05/2026;19/05/2026;0
19/05/2026;OPENAI CHATGPT;CB OPENAI CHATGPT FACT 180526;DEMO202605000440;DOUBLON VOLONTAIRE POUR DEMONSTRATION;Carte bancaire;Shopping et services;Services numeriques;-23,00;;18/05/2026;19/05/2026;0
18/05/2026;COTISATIONS BANCAIRES;COTISATION BOUQUET DEMO;DEMO202605000397;;Frais bancaires;Banque et assurances;Frais bancaires;-9,90;;18/05/2026;18/05/2026;0
18/05/2026;REMISE COTISATIONS;REMISE SERVICES BOUQUET DEMO;DEMO202605000398;;Frais bancaires;Banque et assurances;Frais bancaires;;+4,95;18/05/2026;18/05/2026;0
18/05/2026;PHARMACIE CENTRALE;CB PHARMACIE CENTRALE FACT 170526;DEMO202605000409;;Carte bancaire;Sante et bien-etre;Pharmacie;-35,27;;17/05/2026;18/05/2026;0
17/05/2026;NETFLIX;CB NETFLIX 2026-05;DEMO202605000393;ABONNEMENT DEMO;Carte bancaire;Loisirs et vacances;Video;-13,49;;16/05/2026;17/05/2026;0
15/05/2026;LIDL;CB LIDL FACT 140526;DEMO202605000401;;Carte bancaire;Alimentation;Supermarche;-88,62;;14/05/2026;15/05/2026;0
15/05/2026;SPOTIFY;CB SPOTIFY 2026-05;DEMO202605000392;ABONNEMENT DEMO;Carte bancaire;Loisirs et vacances;Musique;-11,12;;14/05/2026;15/05/2026;0
14/05/2026;FNAC DIRECT;CB FNAC DIRECT FACT 130526;DEMO202605000408;;Carte bancaire;Shopping et services;Shopping et services - autre;-106,53;;13/05/2026;14/05/2026;0
12/05/2026;ASSURANCE SERENITE;PRLV SEPA ASSURANCE SERENITE 2026-05;DEMO202605000391;ABONNEMENT DEMO;Prelevement;Banque et assurances;Assurance habitation;-38,60;;12/05/2026;12/05/2026;0
11/05/2026;MOBILE NOVA;PRLV SEPA MOBILE NOVA 2026-05;DEMO202605000390;ABONNEMENT DEMO;Prelevement;Telephonie et internet;Telephone mobile;-14,99;;11/05/2026;11/05/2026;0
11/05/2026;UBER;CB UBER TRIP FACT 100526;DEMO202605000406;;Carte bancaire;Transport;Taxi et VTC;-14,39;;10/05/2026;11/05/2026;0
09/05/2026;FIBRE NOVA;PRLV SEPA FIBRE NOVA 2026-05;DEMO202605000389;ABONNEMENT DEMO;Prelevement;Telephonie et internet;Internet;-29,99;;09/05/2026;09/05/2026;0
09/05/2026;CARREFOUR CITY;CB CARREFOUR CITY FACT 080526;DEMO202605000400;;Carte bancaire;Alimentation;Supermarche;-96,10;;08/05/2026;09/05/2026;0
07/05/2026;ENERGIE CLAIRE;PRLV SEPA ENERGIE CLAIRE 2026-05;DEMO202605000388;NOUVEAU TARIF ENERGIE DEMO;Prelevement;Logement et immobilier;Electricite, gaz et eau;-104,00;;07/05/2026;07/05/2026;0
07/05/2026;CAFE REPUBLIQUE;CB CAFE REPUBLIQUE FACT 060526;DEMO202605000404;;Carte bancaire;Alimentation;Restaurants et cafes;-44,29;;06/05/2026;07/05/2026;0
07/05/2026;FNAC DIRECT;CB FNAC DIRECT ORDINATEUR DEMO;DEMO202605000439;OPERATION EXCEPTIONNELLE DEMO;Carte bancaire;Shopping et services;Electronique;-689,90;;06/05/2026;07/05/2026;0
03/05/2026;RESIDENCE DES LILAS;VIR SEPA LOYER 2026-05;DEMO202605000387;LOYER ET CHARGES DONNEES FICTIVES;Virement;Logement et immobilier;Loyer et charges;-820,00;;03/05/2026;03/05/2026;0
03/05/2026;MONOPRIX;CB MONOPRIX FACT 020526;DEMO202605000399;;Carte bancaire;Alimentation;Supermarche;-58,44;;02/05/2026;03/05/2026;0
28/04/2026;ATELIER HORIZON DEMO;VIR SEPA ATELIER HORIZON SALAIRE 2026-04;DEMO202604000363;SALAIRE NET 2026-04 DONNEES FICTIVES;Virement recu;Salaire et revenus;Salaire;;+2980,00;28/04/2026;28/04/2026;0
27/04/2026;LIDL;CB LIDL FACT 260426;DEMO202604000380;;Carte bancaire;Alimentation;Supermarche;-76,39;;26/04/2026;27/04/2026;0
26/04/2026;UBER;CB UBER TRIP FACT 250426;DEMO202604000384;;Carte bancaire;Transport;Taxi et VTC;-19,12;;25/04/2026;26/04/2026;0
24/04/2026;NAVIGO;PRLV SEPA NAVIGO 2026-04;DEMO202604000373;ABONNEMENT DEMO;Prelevement;Transport;Transports en commun;-86,40;;24/04/2026;24/04/2026;0
23/04/2026;PIZZA ROMA;CB PIZZA ROMA FACT 220426;DEMO202604000382;;Carte bancaire;Alimentation;Restaurants et cafes;-36,25;;22/04/2026;23/04/2026;0
21/04/2026;BASIC FIT;PRLV SEPA BASIC FIT 2026-04;DEMO202604000372;ABONNEMENT DEMO;Prelevement;Sante et bien-etre;Sport;-24,99;;21/04/2026;21/04/2026;0
21/04/2026;CARREFOUR CITY;CB CARREFOUR CITY FACT 200426;DEMO202604000379;;Carte bancaire;Alimentation;Supermarche;-48,52;;20/04/2026;21/04/2026;0
19/04/2026;OPENAI CHATGPT;CB OPENAI CHATGPT 2026-04;DEMO202604000371;ABONNEMENT DEMO;Carte bancaire;Shopping et services;Services numeriques;-23,00;;18/04/2026;19/04/2026;0
18/04/2026;COTISATIONS BANCAIRES;COTISATION BOUQUET DEMO;DEMO202604000374;;Frais bancaires;Banque et assurances;Frais bancaires;-9,90;;18/04/2026;18/04/2026;0
18/04/2026;REMISE COTISATIONS;REMISE SERVICES BOUQUET DEMO;DEMO202604000375;;Frais bancaires;Banque et assurances;Frais bancaires;;+4,95;18/04/2026;18/04/2026;0
17/04/2026;NETFLIX;CB NETFLIX 2026-04;DEMO202604000370;ABONNEMENT DEMO;Carte bancaire;Loisirs et vacances;Video;-13,49;;16/04/2026;17/04/2026;0
15/04/2026;MONOPRIX;CB MONOPRIX FACT 140426;DEMO202604000378;;Carte bancaire;Alimentation;Supermarche;-82,71;;14/04/2026;15/04/2026;0
15/04/2026;SPOTIFY;CB SPOTIFY 2026-04;DEMO202604000369;ABONNEMENT DEMO;Carte bancaire;Loisirs et vacances;Musique;-11,12;;14/04/2026;15/04/2026;0
14/04/2026;DECATHLON;CB DECATHLON FACT 130426;DEMO202604000385;;Carte bancaire;Shopping et services;Shopping et services - autre;-58,36;;13/04/2026;14/04/2026;0
12/04/2026;ASSURANCE SERENITE;PRLV SEPA ASSURANCE SERENITE 2026-04;DEMO202604000368;ABONNEMENT DEMO;Prelevement;Banque et assurances;Assurance habitation;-38,60;;12/04/2026;12/04/2026;0
11/04/2026;MOBILE NOVA;PRLV SEPA MOBILE NOVA 2026-04;DEMO202604000367;ABONNEMENT DEMO;Prelevement;Telephonie et internet;Telephone mobile;-14,99;;11/04/2026;11/04/2026;0
11/04/2026;UBER;CB UBER TRIP FACT 100426;DEMO202604000383;;Carte bancaire;Transport;Taxi et VTC;-10,05;;10/04/2026;11/04/2026;0
09/04/2026;FIBRE NOVA;PRLV SEPA FIBRE NOVA 2026-04;DEMO202604000366;ABONNEMENT DEMO;Prelevement;Telephonie et internet;Internet;-29,99;;09/04/2026;09/04/2026;0
09/04/2026;CARREFOUR CITY;CB CARREFOUR CITY FACT 080426;DEMO202604000377;;Carte bancaire;Alimentation;Supermarche;-51,91;;08/04/2026;09/04/2026;0
07/04/2026;ENERGIE CLAIRE;PRLV SEPA ENERGIE CLAIRE 2026-04;DEMO202604000365;NOUVEAU TARIF ENERGIE DEMO;Prelevement;Logement et immobilier;Electricite, gaz et eau;-111,00;;07/04/2026;07/04/2026;0
07/04/2026;CAFE REPUBLIQUE;CB CAFE REPUBLIQUE FACT 060426;DEMO202604000381;;Carte bancaire;Alimentation;Restaurants et cafes;-49,63;;06/04/2026;07/04/2026;0
03/04/2026;RESIDENCE DES LILAS;VIR SEPA LOYER 2026-04;DEMO202604000364;LOYER ET CHARGES DONNEES FICTIVES;Virement;Logement et immobilier;Loyer et charges;-820,00;;03/04/2026;03/04/2026;0
03/04/2026;MONOPRIX;CB MONOPRIX FACT 020426;DEMO202604000376;;Carte bancaire;Alimentation;Supermarche;-78,45;;02/04/2026;03/04/2026;0
28/03/2026;ATELIER HORIZON DEMO;VIR SEPA ATELIER HORIZON SALAIRE 2026-03;DEMO202603000338;SALAIRE NET 2026-03 DONNEES FICTIVES;Virement recu;Salaire et revenus;Salaire;;+2980,00;28/03/2026;28/03/2026;0
27/03/2026;LIDL;CB LIDL FACT 260326;DEMO202603000356;;Carte bancaire;Alimentation;Supermarche;-107,76;;26/03/2026;27/03/2026;0
26/03/2026;UBER;CB UBER TRIP FACT 250326;DEMO202603000360;;Carte bancaire;Transport;Taxi et VTC;-20,65;;25/03/2026;26/03/2026;0
24/03/2026;NAVIGO;PRLV SEPA NAVIGO 2026-03;DEMO202603000349;ABONNEMENT DEMO;Prelevement;Transport;Transports en commun;-86,40;;24/03/2026;24/03/2026;0
23/03/2026;BISTROT CENTRAL;CB BISTROT CENTRAL FACT 220326;DEMO202603000358;;Carte bancaire;Alimentation;Restaurants et cafes;-23,33;;22/03/2026;23/03/2026;0
21/03/2026;BASIC FIT;PRLV SEPA BASIC FIT 2026-03;DEMO202603000348;ABONNEMENT DEMO;Prelevement;Sante et bien-etre;Sport;-24,99;;21/03/2026;21/03/2026;0
21/03/2026;LIDL;CB LIDL FACT 200326;DEMO202603000355;;Carte bancaire;Alimentation;Supermarche;-80,63;;20/03/2026;21/03/2026;0
20/03/2026;MISSION FREELANCE DEMO;VIR SEPA MISSION FREELANCE DEMO;DEMO202603000339;MISSION TRIMESTRIELLE 2026-03;Virement recu;Salaire et revenus;Revenus complementaires;;+793,73;20/03/2026;20/03/2026;0
19/03/2026;OPENAI CHATGPT;CB OPENAI CHATGPT 2026-03;DEMO202603000347;ABONNEMENT DEMO;Carte bancaire;Shopping et services;Services numeriques;-23,00;;18/03/2026;19/03/2026;0
18/03/2026;COTISATIONS BANCAIRES;COTISATION BOUQUET DEMO;DEMO202603000350;;Frais bancaires;Banque et assurances;Frais bancaires;-9,90;;18/03/2026;18/03/2026;0
18/03/2026;REMISE COTISATIONS;REMISE SERVICES BOUQUET DEMO;DEMO202603000351;;Frais bancaires;Banque et assurances;Frais bancaires;;+4,95;18/03/2026;18/03/2026;0
18/03/2026;PHARMACIE CENTRALE;CB PHARMACIE CENTRALE FACT 170326;DEMO202603000362;;Carte bancaire;Sante et bien-etre;Pharmacie;-12,95;;17/03/2026;18/03/2026;0
17/03/2026;NETFLIX;CB NETFLIX 2026-03;DEMO202603000346;ABONNEMENT DEMO;Carte bancaire;Loisirs et vacances;Video;-13,49;;16/03/2026;17/03/2026;0
15/03/2026;DIRECTION GENERALE FINANCES;VIR REMBOURSEMENT IMPOT DEMO;DEMO202603000438;OPERATION EXCEPTIONNELLE DEMO;Virement recu;Impots et taxes;Remboursement;;+184,20;15/03/2026;15/03/2026;0
15/03/2026;MONOPRIX;CB MONOPRIX FACT 140326;DEMO202603000354;;Carte bancaire;Alimentation;Supermarche;-73,74;;14/03/2026;15/03/2026;0
15/03/2026;SPOTIFY;CB SPOTIFY 2026-03;DEMO202603000345;ABONNEMENT DEMO;Carte bancaire;Loisirs et vacances;Musique;-11,12;;14/03/2026;15/03/2026;0
14/03/2026;AMAZON DEMO;CB AMAZON DEMO FACT 130326;DEMO202603000361;;Carte bancaire;Shopping et services;Shopping et services - autre;-116,68;;13/03/2026;14/03/2026;0
12/03/2026;ASSURANCE SERENITE;PRLV SEPA ASSURANCE SERENITE 2026-03;DEMO202603000344;ABONNEMENT DEMO;Prelevement;Banque et assurances;Assurance habitation;-38,60;;12/03/2026;12/03/2026;0
11/03/2026;MOBILE NOVA;PRLV SEPA MOBILE NOVA 2026-03;DEMO202603000343;ABONNEMENT DEMO;Prelevement;Telephonie et internet;Telephone mobile;-14,99;;11/03/2026;11/03/2026;0
11/03/2026;UBER;CB UBER TRIP FACT 100326;DEMO202603000359;;Carte bancaire;Transport;Taxi et VTC;-25,32;;10/03/2026;11/03/2026;0
09/03/2026;FIBRE NOVA;PRLV SEPA FIBRE NOVA 2026-03;DEMO202603000342;ABONNEMENT DEMO;Prelevement;Telephonie et internet;Internet;-29,99;;09/03/2026;09/03/2026;0
09/03/2026;MONOPRIX;CB MONOPRIX FACT 080326;DEMO202603000353;;Carte bancaire;Alimentation;Supermarche;-74,44;;08/03/2026;09/03/2026;0
07/03/2026;ENERGIE CLAIRE;PRLV SEPA ENERGIE CLAIRE 2026-03;DEMO202603000341;NOUVEAU TARIF ENERGIE DEMO;Prelevement;Logement et immobilier;Electricite, gaz et eau;-118,00;;07/03/2026;07/03/2026;0
07/03/2026;CAFE REPUBLIQUE;CB CAFE REPUBLIQUE FACT 060326;DEMO202603000357;;Carte bancaire;Alimentation;Restaurants et cafes;-24,27;;06/03/2026;07/03/2026;0
03/03/2026;RESIDENCE DES LILAS;VIR SEPA LOYER 2026-03;DEMO202603000340;LOYER ET CHARGES DONNEES FICTIVES;Virement;Logement et immobilier;Loyer et charges;-820,00;;03/03/2026;03/03/2026;0
03/03/2026;CARREFOUR CITY;CB CARREFOUR CITY FACT 020326;DEMO202603000352;;Carte bancaire;Alimentation;Supermarche;-99,53;;02/03/2026;03/03/2026;0
28/02/2026;ATELIER HORIZON DEMO;VIR SEPA ATELIER HORIZON SALAIRE 2026-02;DEMO202602000314;SALAIRE NET 2026-02 DONNEES FICTIVES;Virement recu;Salaire et revenus;Salaire;;+2980,00;28/02/2026;28/02/2026;0
27/02/2026;CARREFOUR CITY;CB CARREFOUR CITY FACT 260226;DEMO202602000331;;Carte bancaire;Alimentation;Supermarche;-94,88;;26/02/2026;27/02/2026;0
26/02/2026;UBER;CB UBER TRIP FACT 250226;DEMO202602000335;;Carte bancaire;Transport;Taxi et VTC;-27,62;;25/02/2026;26/02/2026;0
24/02/2026;NAVIGO;PRLV SEPA NAVIGO 2026-02;DEMO202602000324;ABONNEMENT DEMO;Prelevement;Transport;Transports en commun;-86,40;;24/02/2026;24/02/2026;0
23/02/2026;SUSHI DEMO;CB SUSHI DEMO FACT 220226;DEMO202602000333;;Carte bancaire;Alimentation;Restaurants et cafes;-47,28;;22/02/2026;23/02/2026;0
21/02/2026;BASIC FIT;PRLV SEPA BASIC FIT 2026-02;DEMO202602000323;ABONNEMENT DEMO;Prelevement;Sante et bien-etre;Sport;-24,99;;21/02/2026;21/02/2026;0
21/02/2026;MONOPRIX;CB MONOPRIX FACT 200226;DEMO202602000330;;Carte bancaire;Alimentation;Supermarche;-92,41;;20/02/2026;21/02/2026;0
19/02/2026;REMBOURSEMENT GROUPE DEMO;VIR SEPA REMBOURSEMENT GROUPE DEMO;DEMO202602000337;PARTAGE DE DEPENSES FICTIF;Virement recu;Virements;Remboursement entre proches;;+60,51;19/02/2026;19/02/2026;0
19/02/2026;OPENAI CHATGPT;CB OPENAI CHATGPT 2026-02;DEMO202602000322;ABONNEMENT DEMO;Carte bancaire;Shopping et services;Services numeriques;-23,00;;18/02/2026;19/02/2026;0
18/02/2026;COTISATIONS BANCAIRES;COTISATION BOUQUET DEMO;DEMO202602000325;;Frais bancaires;Banque et assurances;Frais bancaires;-9,90;;18/02/2026;18/02/2026;0
18/02/2026;REMISE COTISATIONS;REMISE SERVICES BOUQUET DEMO;DEMO202602000326;;Frais bancaires;Banque et assurances;Frais bancaires;;+4,95;18/02/2026;18/02/2026;0
17/02/2026;NETFLIX;CB NETFLIX 2026-02;DEMO202602000321;ABONNEMENT DEMO;Carte bancaire;Loisirs et vacances;Video;-13,49;;16/02/2026;17/02/2026;0
15/02/2026;MONOPRIX;CB MONOPRIX FACT 140226;DEMO202602000329;;Carte bancaire;Alimentation;Supermarche;-79,12;;14/02/2026;15/02/2026;0
15/02/2026;SPOTIFY;CB SPOTIFY 2026-02;DEMO202602000320;ABONNEMENT DEMO;Carte bancaire;Loisirs et vacances;Musique;-11,12;;14/02/2026;15/02/2026;0
14/02/2026;FNAC DIRECT;CB FNAC DIRECT FACT 130226;DEMO202602000336;;Carte bancaire;Shopping et services;Shopping et services - autre;-111,46;;13/02/2026;14/02/2026;0
12/02/2026;ASSURANCE SERENITE;PRLV SEPA ASSURANCE SERENITE 2026-02;DEMO202602000319;ABONNEMENT DEMO;Prelevement;Banque et assurances;Assurance habitation;-38,60;;12/02/2026;12/02/2026;0
11/02/2026;MOBILE NOVA;PRLV SEPA MOBILE NOVA 2026-02;DEMO202602000318;ABONNEMENT DEMO;Prelevement;Telephonie et internet;Telephone mobile;-14,99;;11/02/2026;11/02/2026;0
11/02/2026;UBER;CB UBER TRIP FACT 100226;DEMO202602000334;;Carte bancaire;Transport;Taxi et VTC;-12,51;;10/02/2026;11/02/2026;0
09/02/2026;FIBRE NOVA;PRLV SEPA FIBRE NOVA 2026-02;DEMO202602000317;ABONNEMENT DEMO;Prelevement;Telephonie et internet;Internet;-29,99;;09/02/2026;09/02/2026;0
09/02/2026;LIDL;CB LIDL FACT 080226;DEMO202602000328;;Carte bancaire;Alimentation;Supermarche;-41,72;;08/02/2026;09/02/2026;0
07/02/2026;ENERGIE CLAIRE;PRLV SEPA ENERGIE CLAIRE 2026-02;DEMO202602000316;NOUVEAU TARIF ENERGIE DEMO;Prelevement;Logement et immobilier;Electricite, gaz et eau;-126,00;;07/02/2026;07/02/2026;0
07/02/2026;PIZZA ROMA;CB PIZZA ROMA FACT 060226;DEMO202602000332;;Carte bancaire;Alimentation;Restaurants et cafes;-18,64;;06/02/2026;07/02/2026;0
03/02/2026;RESIDENCE DES LILAS;VIR SEPA LOYER 2026-02;DEMO202602000315;LOYER ET CHARGES DONNEES FICTIVES;Virement;Logement et immobilier;Loyer et charges;-820,00;;03/02/2026;03/02/2026;0
03/02/2026;MONOPRIX;CB MONOPRIX FACT 020226;DEMO202602000327;;Carte bancaire;Alimentation;Supermarche;-42,90;;02/02/2026;03/02/2026;0
28/01/2026;ATELIER HORIZON DEMO;VIR SEPA ATELIER HORIZON SALAIRE 2026-01;DEMO202601000290;SALAIRE NET 2026-01 DONNEES FICTIVES;Virement recu;Salaire et revenus;Salaire;;+2980,00;28/01/2026;28/01/2026;0
27/01/2026;CARREFOUR CITY;CB CARREFOUR CITY FACT 260126;DEMO202601000307;;Carte bancaire;Alimentation;Supermarche;-89,79;;26/01/2026;27/01/2026;0
26/01/2026;UBER;CB UBER TRIP FACT 250126;DEMO202601000311;;Carte bancaire;Transport;Taxi et VTC;-14,86;;25/01/2026;26/01/2026;0
24/01/2026;NAVIGO;PRLV SEPA NAVIGO 2026-01;DEMO202601000300;ABONNEMENT DEMO;Prelevement;Transport;Transports en commun;-86,40;;24/01/2026;24/01/2026;0
23/01/2026;SUSHI DEMO;CB SUSHI DEMO FACT 220126;DEMO202601000309;;Carte bancaire;Alimentation;Restaurants et cafes;-26,30;;22/01/2026;23/01/2026;0
21/01/2026;BASIC FIT;PRLV SEPA BASIC FIT 2026-01;DEMO202601000299;ABONNEMENT DEMO;Prelevement;Sante et bien-etre;Sport;-24,99;;21/01/2026;21/01/2026;0
21/01/2026;INTERMARCHE;CB INTERMARCHE FACT 200126;DEMO202601000306;;Carte bancaire;Alimentation;Supermarche;-38,07;;20/01/2026;21/01/2026;0
19/01/2026;OPENAI CHATGPT;CB OPENAI CHATGPT 2026-01;DEMO202601000298;ABONNEMENT DEMO;Carte bancaire;Shopping et services;Services numeriques;-23,00;;18/01/2026;19/01/2026;0
18/01/2026;COTISATIONS BANCAIRES;COTISATION BOUQUET DEMO;DEMO202601000301;;Frais bancaires;Banque et assurances;Frais bancaires;-9,90;;18/01/2026;18/01/2026;0
18/01/2026;REMISE COTISATIONS;REMISE SERVICES BOUQUET DEMO;DEMO202601000302;;Frais bancaires;Banque et assurances;Frais bancaires;;+4,95;18/01/2026;18/01/2026;0
18/01/2026;PHARMACIE CENTRALE;CB PHARMACIE CENTRALE FACT 170126;DEMO202601000313;;Carte bancaire;Sante et bien-etre;Pharmacie;-39,83;;17/01/2026;18/01/2026;0
17/01/2026;NETFLIX;CB NETFLIX 2026-01;DEMO202601000297;ABONNEMENT DEMO;Carte bancaire;Loisirs et vacances;Video;-13,49;;16/01/2026;17/01/2026;0
15/01/2026;LIDL;CB LIDL FACT 140126;DEMO202601000305;;Carte bancaire;Alimentation;Supermarche;-59,85;;14/01/2026;15/01/2026;0
15/01/2026;SPOTIFY;CB SPOTIFY 2026-01;DEMO202601000296;ABONNEMENT DEMO;Carte bancaire;Loisirs et vacances;Musique;-11,12;;14/01/2026;15/01/2026;0
14/01/2026;DECATHLON;CB DECATHLON FACT 130126;DEMO202601000312;;Carte bancaire;Shopping et services;Shopping et services - autre;-107,90;;13/01/2026;14/01/2026;0
12/01/2026;ASSURANCE SERENITE;PRLV SEPA ASSURANCE SERENITE 2026-01;DEMO202601000295;ABONNEMENT DEMO;Prelevement;Banque et assurances;Assurance habitation;-38,60;;12/01/2026;12/01/2026;0
11/01/2026;MOBILE NOVA;PRLV SEPA MOBILE NOVA 2026-01;DEMO202601000294;ABONNEMENT DEMO;Prelevement;Telephonie et internet;Telephone mobile;-14,99;;11/01/2026;11/01/2026;0
11/01/2026;UBER;CB UBER TRIP FACT 100126;DEMO202601000310;;Carte bancaire;Transport;Taxi et VTC;-19,06;;10/01/2026;11/01/2026;0
09/01/2026;FIBRE NOVA;PRLV SEPA FIBRE NOVA 2026-01;DEMO202601000293;ABONNEMENT DEMO;Prelevement;Telephonie et internet;Internet;-29,99;;09/01/2026;09/01/2026;0
09/01/2026;LIDL;CB LIDL FACT 080126;DEMO202601000304;;Carte bancaire;Alimentation;Supermarche;-85,40;;08/01/2026;09/01/2026;0
07/01/2026;ENERGIE CLAIRE;PRLV SEPA ENERGIE CLAIRE 2026-01;DEMO202601000292;NOUVEAU TARIF ENERGIE DEMO;Prelevement;Logement et immobilier;Electricite, gaz et eau;-132,00;;07/01/2026;07/01/2026;0
07/01/2026;BISTROT CENTRAL;CB BISTROT CENTRAL FACT 060126;DEMO202601000308;;Carte bancaire;Alimentation;Restaurants et cafes;-41,73;;06/01/2026;07/01/2026;0
03/01/2026;RESIDENCE DES LILAS;VIR SEPA LOYER 2026-01;DEMO202601000291;LOYER ET CHARGES DONNEES FICTIVES;Virement;Logement et immobilier;Loyer et charges;-820,00;;03/01/2026;03/01/2026;0
03/01/2026;CARREFOUR CITY;CB CARREFOUR CITY FACT 020126;DEMO202601000303;;Carte bancaire;Alimentation;Supermarche;-73,57;;02/01/2026;03/01/2026;0
28/12/2025;ATELIER HORIZON DEMO;VIR SEPA ATELIER HORIZON SALAIRE 2025-12;DEMO202512000266;SALAIRE NET 2025-12 DONNEES FICTIVES;Virement recu;Salaire et revenus;Salaire;;+2850,00;28/12/2025;28/12/2025;0
27/12/2025;LIDL;CB LIDL FACT 261225;DEMO202512000284;;Carte bancaire;Alimentation;Supermarche;-99,79;;26/12/2025;27/12/2025;0
26/12/2025;UBER;CB UBER TRIP FACT 251225;DEMO202512000288;;Carte bancaire;Transport;Taxi et VTC;-18,40;;25/12/2025;26/12/2025;0
24/12/2025;NAVIGO;PRLV SEPA NAVIGO 2025-12;DEMO202512000277;ABONNEMENT DEMO;Prelevement;Transport;Transports en commun;-86,40;;24/12/2025;24/12/2025;0
23/12/2025;SUSHI DEMO;CB SUSHI DEMO FACT 221225;DEMO202512000286;;Carte bancaire;Alimentation;Restaurants et cafes;-37,30;;22/12/2025;23/12/2025;0
21/12/2025;BASIC FIT;PRLV SEPA BASIC FIT 2025-12;DEMO202512000276;ABONNEMENT DEMO;Prelevement;Sante et bien-etre;Sport;-24,99;;21/12/2025;21/12/2025;0
21/12/2025;LIDL;CB LIDL FACT 201225;DEMO202512000283;;Carte bancaire;Alimentation;Supermarche;-53,27;;20/12/2025;21/12/2025;0
20/12/2025;MISSION FREELANCE DEMO;VIR SEPA MISSION FREELANCE DEMO;DEMO202512000267;MISSION TRIMESTRIELLE 2025-12;Virement recu;Salaire et revenus;Revenus complementaires;;+618,68;20/12/2025;20/12/2025;0
19/12/2025;OPENAI CHATGPT;CB OPENAI CHATGPT 2025-12;DEMO202512000275;ABONNEMENT DEMO;Carte bancaire;Shopping et services;Services numeriques;-23,00;;18/12/2025;19/12/2025;0
18/12/2025;COTISATIONS BANCAIRES;COTISATION BOUQUET DEMO;DEMO202512000278;;Frais bancaires;Banque et assurances;Frais bancaires;-9,90;;18/12/2025;18/12/2025;0
18/12/2025;REMISE COTISATIONS;REMISE SERVICES BOUQUET DEMO;DEMO202512000279;;Frais bancaires;Banque et assurances;Frais bancaires;;+4,95;18/12/2025;18/12/2025;0
17/12/2025;NETFLIX;CB NETFLIX 2025-12;DEMO202512000274;ABONNEMENT DEMO;Carte bancaire;Loisirs et vacances;Video;-13,49;;16/12/2025;17/12/2025;0
15/12/2025;INTERMARCHE;CB INTERMARCHE FACT 141225;DEMO202512000282;;Carte bancaire;Alimentation;Supermarche;-67,48;;14/12/2025;15/12/2025;0
15/12/2025;SPOTIFY;CB SPOTIFY 2025-12;DEMO202512000273;ABONNEMENT DEMO;Carte bancaire;Loisirs et vacances;Musique;-11,12;;14/12/2025;15/12/2025;0
14/12/2025;FNAC DIRECT;CB FNAC DIRECT FACT 131225;DEMO202512000289;;Carte bancaire;Shopping et services;Shopping et services - autre;-36,81;;13/12/2025;14/12/2025;0
13/12/2025;CADEAUX DE NOEL DEMO;CB CADEAUX DE NOEL DEMO;DEMO202512000437;OPERATION EXCEPTIONNELLE DEMO;Carte bancaire;Shopping et services;Cadeaux;-328,60;;12/12/2025;13/12/2025;0
12/12/2025;ASSURANCE SERENITE;PRLV SEPA ASSURANCE SERENITE 2025-12;DEMO202512000272;ABONNEMENT DEMO;Prelevement;Banque et assurances;Assurance habitation;-38,60;;12/12/2025;12/12/2025;0
11/12/2025;MOBILE NOVA;PRLV SEPA MOBILE NOVA 2025-12;DEMO202512000271;ABONNEMENT DEMO;Prelevement;Telephonie et internet;Telephone mobile;-14,99;;11/12/2025;11/12/2025;0
11/12/2025;UBER;CB UBER TRIP FACT 101225;DEMO202512000287;;Carte bancaire;Transport;Taxi et VTC;-22,45;;10/12/2025;11/12/2025;0
09/12/2025;FIBRE NOVA;PRLV SEPA FIBRE NOVA 2025-12;DEMO202512000270;ABONNEMENT DEMO;Prelevement;Telephonie et internet;Internet;-29,99;;09/12/2025;09/12/2025;0
09/12/2025;LIDL;CB LIDL FACT 081225;DEMO202512000281;;Carte bancaire;Alimentation;Supermarche;-47,24;;08/12/2025;09/12/2025;0
07/12/2025;ENERGIE CLAIRE;PRLV SEPA ENERGIE CLAIRE 2025-12;DEMO202512000269;FACTURE MENSUELLE ENERGIE DEMO;Prelevement;Logement et immobilier;Electricite, gaz et eau;-97,00;;07/12/2025;07/12/2025;0
07/12/2025;CAFE REPUBLIQUE;CB CAFE REPUBLIQUE FACT 061225;DEMO202512000285;;Carte bancaire;Alimentation;Restaurants et cafes;-40,74;;06/12/2025;07/12/2025;0
03/12/2025;RESIDENCE DES LILAS;VIR SEPA LOYER 2025-12;DEMO202512000268;LOYER ET CHARGES DONNEES FICTIVES;Virement;Logement et immobilier;Loyer et charges;-820,00;;03/12/2025;03/12/2025;0
03/12/2025;MONOPRIX;CB MONOPRIX FACT 021225;DEMO202512000280;;Carte bancaire;Alimentation;Supermarche;-38,93;;02/12/2025;03/12/2025;0
28/11/2025;ATELIER HORIZON DEMO;VIR SEPA ATELIER HORIZON SALAIRE 2025-11;DEMO202511000242;SALAIRE NET 2025-11 DONNEES FICTIVES;Virement recu;Salaire et revenus;Salaire;;+2850,00;28/11/2025;28/11/2025;0
27/11/2025;INTERMARCHE;CB INTERMARCHE FACT 261125;DEMO202511000259;;Carte bancaire;Alimentation;Supermarche;-102,37;;26/11/2025;27/11/2025;0
26/11/2025;UBER;CB UBER TRIP FACT 251125;DEMO202511000263;;Carte bancaire;Transport;Taxi et VTC;-21,93;;25/11/2025;26/11/2025;0
24/11/2025;NAVIGO;PRLV SEPA NAVIGO 2025-11;DEMO202511000252;ABONNEMENT DEMO;Prelevement;Transport;Transports en commun;-86,40;;24/11/2025;24/11/2025;0
23/11/2025;CAFE REPUBLIQUE;CB CAFE REPUBLIQUE FACT 221125;DEMO202511000261;;Carte bancaire;Alimentation;Restaurants et cafes;-24,21;;22/11/2025;23/11/2025;0
21/11/2025;BASIC FIT;PRLV SEPA BASIC FIT 2025-11;DEMO202511000251;ABONNEMENT DEMO;Prelevement;Sante et bien-etre;Sport;-24,99;;21/11/2025;21/11/2025;0
21/11/2025;INTERMARCHE;CB INTERMARCHE FACT 201125;DEMO202511000258;;Carte bancaire;Alimentation;Supermarche;-60,63;;20/11/2025;21/11/2025;0
19/11/2025;OPENAI CHATGPT;CB OPENAI CHATGPT 2025-11;DEMO202511000250;ABONNEMENT DEMO;Carte bancaire;Shopping et services;Services numeriques;-23,00;;18/11/2025;19/11/2025;0
18/11/2025;COTISATIONS BANCAIRES;COTISATION BOUQUET DEMO;DEMO202511000253;;Frais bancaires;Banque et assurances;Frais bancaires;-9,90;;18/11/2025;18/11/2025;0
18/11/2025;REMISE COTISATIONS;REMISE SERVICES BOUQUET DEMO;DEMO202511000254;;Frais bancaires;Banque et assurances;Frais bancaires;;+4,95;18/11/2025;18/11/2025;0
18/11/2025;PHARMACIE CENTRALE;CB PHARMACIE CENTRALE FACT 171125;DEMO202511000265;;Carte bancaire;Sante et bien-etre;Pharmacie;-35,40;;17/11/2025;18/11/2025;0
17/11/2025;NETFLIX;CB NETFLIX 2025-11;DEMO202511000249;ABONNEMENT DEMO;Carte bancaire;Loisirs et vacances;Video;-13,49;;16/11/2025;17/11/2025;0
15/11/2025;MONOPRIX;CB MONOPRIX FACT 141125;DEMO202511000257;;Carte bancaire;Alimentation;Supermarche;-99,68;;14/11/2025;15/11/2025;0
15/11/2025;SPOTIFY;CB SPOTIFY 2025-11;DEMO202511000248;ABONNEMENT DEMO;Carte bancaire;Loisirs et vacances;Musique;-11,12;;14/11/2025;15/11/2025;0
14/11/2025;FNAC DIRECT;CB FNAC DIRECT FACT 131125;DEMO202511000264;;Carte bancaire;Shopping et services;Shopping et services - autre;-69,74;;13/11/2025;14/11/2025;0
12/11/2025;ASSURANCE SERENITE;PRLV SEPA ASSURANCE SERENITE 2025-11;DEMO202511000247;ABONNEMENT DEMO;Prelevement;Banque et assurances;Assurance habitation;-38,60;;12/11/2025;12/11/2025;0
11/11/2025;MOBILE NOVA;PRLV SEPA MOBILE NOVA 2025-11;DEMO202511000246;ABONNEMENT DEMO;Prelevement;Telephonie et internet;Telephone mobile;-14,99;;11/11/2025;11/11/2025;0
11/11/2025;UBER;CB UBER TRIP FACT 101125;DEMO202511000262;;Carte bancaire;Transport;Taxi et VTC;-16,98;;10/11/2025;11/11/2025;0
09/11/2025;FIBRE NOVA;PRLV SEPA FIBRE NOVA 2025-11;DEMO202511000245;ABONNEMENT DEMO;Prelevement;Telephonie et internet;Internet;-29,99;;09/11/2025;09/11/2025;0
09/11/2025;CARREFOUR CITY;CB CARREFOUR CITY FACT 081125;DEMO202511000256;;Carte bancaire;Alimentation;Supermarche;-42,45;;08/11/2025;09/11/2025;0
07/11/2025;ENERGIE CLAIRE;PRLV SEPA ENERGIE CLAIRE 2025-11;DEMO202511000244;FACTURE MENSUELLE ENERGIE DEMO;Prelevement;Logement et immobilier;Electricite, gaz et eau;-89,00;;07/11/2025;07/11/2025;0
07/11/2025;BISTROT CENTRAL;CB BISTROT CENTRAL FACT 061125;DEMO202511000260;;Carte bancaire;Alimentation;Restaurants et cafes;-44,96;;06/11/2025;07/11/2025;0
03/11/2025;RESIDENCE DES LILAS;VIR SEPA LOYER 2025-11;DEMO202511000243;LOYER ET CHARGES DONNEES FICTIVES;Virement;Logement et immobilier;Loyer et charges;-820,00;;03/11/2025;03/11/2025;0
03/11/2025;INTERMARCHE;CB INTERMARCHE FACT 021125;DEMO202511000255;;Carte bancaire;Alimentation;Supermarche;-47,10;;02/11/2025;03/11/2025;0
28/10/2025;ATELIER HORIZON DEMO;VIR SEPA ATELIER HORIZON SALAIRE 2025-10;DEMO202510000218;SALAIRE NET 2025-10 DONNEES FICTIVES;Virement recu;Salaire et revenus;Salaire;;+2850,00;28/10/2025;28/10/2025;0
27/10/2025;CARREFOUR CITY;CB CARREFOUR CITY FACT 261025;DEMO202510000235;;Carte bancaire;Alimentation;Supermarche;-106,69;;26/10/2025;27/10/2025;0
26/10/2025;UBER;CB UBER TRIP FACT 251025;DEMO202510000239;;Carte bancaire;Transport;Taxi et VTC;-11,01;;25/10/2025;26/10/2025;0
24/10/2025;NAVIGO;PRLV SEPA NAVIGO 2025-10;DEMO202510000228;ABONNEMENT DEMO;Prelevement;Transport;Transports en commun;-86,40;;24/10/2025;24/10/2025;0
23/10/2025;BISTROT CENTRAL;CB BISTROT CENTRAL FACT 221025;DEMO202510000237;;Carte bancaire;Alimentation;Restaurants et cafes;-29,16;;22/10/2025;23/10/2025;0
21/10/2025;BASIC FIT;PRLV SEPA BASIC FIT 2025-10;DEMO202510000227;ABONNEMENT DEMO;Prelevement;Sante et bien-etre;Sport;-24,99;;21/10/2025;21/10/2025;0
21/10/2025;LIDL;CB LIDL FACT 201025;DEMO202510000234;;Carte bancaire;Alimentation;Supermarche;-55,97;;20/10/2025;21/10/2025;0
19/10/2025;REMBOURSEMENT GROUPE DEMO;VIR SEPA REMBOURSEMENT GROUPE DEMO;DEMO202510000241;PARTAGE DE DEPENSES FICTIF;Virement recu;Virements;Remboursement entre proches;;+93,40;19/10/2025;19/10/2025;0
19/10/2025;OPENAI CHATGPT;CB OPENAI CHATGPT 2025-10;DEMO202510000226;ABONNEMENT DEMO;Carte bancaire;Shopping et services;Services numeriques;-23,00;;18/10/2025;19/10/2025;0
18/10/2025;COTISATIONS BANCAIRES;COTISATION BOUQUET DEMO;DEMO202510000229;;Frais bancaires;Banque et assurances;Frais bancaires;-9,90;;18/10/2025;18/10/2025;0
18/10/2025;REMISE COTISATIONS;REMISE SERVICES BOUQUET DEMO;DEMO202510000230;;Frais bancaires;Banque et assurances;Frais bancaires;;+4,95;18/10/2025;18/10/2025;0
17/10/2025;NETFLIX;CB NETFLIX 2025-10;DEMO202510000225;ABONNEMENT DEMO;Carte bancaire;Loisirs et vacances;Video;-13,49;;16/10/2025;17/10/2025;0
15/10/2025;INTERMARCHE;CB INTERMARCHE FACT 141025;DEMO202510000233;;Carte bancaire;Alimentation;Supermarche;-70,08;;14/10/2025;15/10/2025;0
15/10/2025;SPOTIFY;CB SPOTIFY 2025-10;DEMO202510000224;ABONNEMENT DEMO;Carte bancaire;Loisirs et vacances;Musique;-11,12;;14/10/2025;15/10/2025;0
14/10/2025;AMAZON DEMO;CB AMAZON DEMO FACT 131025;DEMO202510000240;;Carte bancaire;Shopping et services;Shopping et services - autre;-102,71;;13/10/2025;14/10/2025;0
12/10/2025;ASSURANCE SERENITE;PRLV SEPA ASSURANCE SERENITE 2025-10;DEMO202510000223;ABONNEMENT DEMO;Prelevement;Banque et assurances;Assurance habitation;-38,60;;12/10/2025;12/10/2025;0
11/10/2025;MOBILE NOVA;PRLV SEPA MOBILE NOVA 2025-10;DEMO202510000222;ABONNEMENT DEMO;Prelevement;Telephonie et internet;Telephone mobile;-14,99;;11/10/2025;11/10/2025;0
11/10/2025;UBER;CB UBER TRIP FACT 101025;DEMO202510000238;;Carte bancaire;Transport;Taxi et VTC;-19,48;;10/10/2025;11/10/2025;0
09/10/2025;FIBRE NOVA;PRLV SEPA FIBRE NOVA 2025-10;DEMO202510000221;ABONNEMENT DEMO;Prelevement;Telephonie et internet;Internet;-29,99;;09/10/2025;09/10/2025;0
09/10/2025;LIDL;CB LIDL FACT 081025;DEMO202510000232;;Carte bancaire;Alimentation;Supermarche;-88,85;;08/10/2025;09/10/2025;0
07/10/2025;ENERGIE CLAIRE;PRLV SEPA ENERGIE CLAIRE 2025-10;DEMO202510000220;FACTURE MENSUELLE ENERGIE DEMO;Prelevement;Logement et immobilier;Electricite, gaz et eau;-79,00;;07/10/2025;07/10/2025;0
07/10/2025;BISTROT CENTRAL;CB BISTROT CENTRAL FACT 061025;DEMO202510000236;;Carte bancaire;Alimentation;Restaurants et cafes;-32,53;;06/10/2025;07/10/2025;0
03/10/2025;RESIDENCE DES LILAS;VIR SEPA LOYER 2025-10;DEMO202510000219;LOYER ET CHARGES DONNEES FICTIVES;Virement;Logement et immobilier;Loyer et charges;-820,00;;03/10/2025;03/10/2025;0
03/10/2025;CARREFOUR CITY;CB CARREFOUR CITY FACT 021025;DEMO202510000231;;Carte bancaire;Alimentation;Supermarche;-66,63;;02/10/2025;03/10/2025;0
28/09/2025;ATELIER HORIZON DEMO;VIR SEPA ATELIER HORIZON SALAIRE 2025-09;DEMO202509000193;SALAIRE NET 2025-09 DONNEES FICTIVES;Virement recu;Salaire et revenus;Salaire;;+2850,00;28/09/2025;28/09/2025;0
27/09/2025;INTERMARCHE;CB INTERMARCHE FACT 260925;DEMO202509000211;;Carte bancaire;Alimentation;Supermarche;-106,10;;26/09/2025;27/09/2025;0
26/09/2025;UBER;CB UBER TRIP FACT 250925;DEMO202509000215;;Carte bancaire;Transport;Taxi et VTC;-26,38;;25/09/2025;26/09/2025;0
24/09/2025;NAVIGO;PRLV SEPA NAVIGO 2025-09;DEMO202509000204;ABONNEMENT DEMO;Prelevement;Transport;Transports en commun;-86,40;;24/09/2025;24/09/2025;0
23/09/2025;SUSHI DEMO;CB SUSHI DEMO FACT 220925;DEMO202509000213;;Carte bancaire;Alimentation;Restaurants et cafes;-38,75;;22/09/2025;23/09/2025;0
21/09/2025;BASIC FIT;PRLV SEPA BASIC FIT 2025-09;DEMO202509000203;ABONNEMENT DEMO;Prelevement;Sante et bien-etre;Sport;-24,99;;21/09/2025;21/09/2025;0
21/09/2025;CARREFOUR CITY;CB CARREFOUR CITY FACT 200925;DEMO202509000210;;Carte bancaire;Alimentation;Supermarche;-56,62;;20/09/2025;21/09/2025;0
20/09/2025;MISSION FREELANCE DEMO;VIR SEPA MISSION FREELANCE DEMO;DEMO202509000194;MISSION TRIMESTRIELLE 2025-09;Virement recu;Salaire et revenus;Revenus complementaires;;+563,65;20/09/2025;20/09/2025;0
19/09/2025;OPENAI CHATGPT;CB OPENAI CHATGPT 2025-09;DEMO202509000202;ABONNEMENT DEMO;Carte bancaire;Shopping et services;Services numeriques;-23,00;;18/09/2025;19/09/2025;0
18/09/2025;COTISATIONS BANCAIRES;COTISATION BOUQUET DEMO;DEMO202509000205;;Frais bancaires;Banque et assurances;Frais bancaires;-9,90;;18/09/2025;18/09/2025;0
18/09/2025;REMISE COTISATIONS;REMISE SERVICES BOUQUET DEMO;DEMO202509000206;;Frais bancaires;Banque et assurances;Frais bancaires;;+4,95;18/09/2025;18/09/2025;0
18/09/2025;PHARMACIE CENTRALE;CB PHARMACIE CENTRALE FACT 170925;DEMO202509000217;;Carte bancaire;Sante et bien-etre;Pharmacie;-9,28;;17/09/2025;18/09/2025;0
17/09/2025;NETFLIX;CB NETFLIX 2025-09;DEMO202509000201;ABONNEMENT DEMO;Carte bancaire;Loisirs et vacances;Video;-13,49;;16/09/2025;17/09/2025;0
15/09/2025;INTERMARCHE;CB INTERMARCHE FACT 140925;DEMO202509000209;;Carte bancaire;Alimentation;Supermarche;-64,83;;14/09/2025;15/09/2025;0
15/09/2025;SPOTIFY;CB SPOTIFY 2025-09;DEMO202509000200;ABONNEMENT DEMO;Carte bancaire;Loisirs et vacances;Musique;-11,12;;14/09/2025;15/09/2025;0
14/09/2025;FNAC DIRECT;CB FNAC DIRECT FACT 130925;DEMO202509000216;;Carte bancaire;Shopping et services;Shopping et services - autre;-28,90;;13/09/2025;14/09/2025;0
12/09/2025;ASSURANCE SERENITE;PRLV SEPA ASSURANCE SERENITE 2025-09;DEMO202509000199;ABONNEMENT DEMO;Prelevement;Banque et assurances;Assurance habitation;-38,60;;12/09/2025;12/09/2025;0
11/09/2025;MOBILE NOVA;PRLV SEPA MOBILE NOVA 2025-09;DEMO202509000198;ABONNEMENT DEMO;Prelevement;Telephonie et internet;Telephone mobile;-14,99;;11/09/2025;11/09/2025;0
11/09/2025;UBER;CB UBER TRIP FACT 100925;DEMO202509000214;;Carte bancaire;Transport;Taxi et VTC;-13,69;;10/09/2025;11/09/2025;0
09/09/2025;FIBRE NOVA;PRLV SEPA FIBRE NOVA 2025-09;DEMO202509000197;ABONNEMENT DEMO;Prelevement;Telephonie et internet;Internet;-29,99;;09/09/2025;09/09/2025;0
09/09/2025;INTERMARCHE;CB INTERMARCHE FACT 080925;DEMO202509000208;;Carte bancaire;Alimentation;Supermarche;-79,12;;08/09/2025;09/09/2025;0
07/09/2025;ENERGIE CLAIRE;PRLV SEPA ENERGIE CLAIRE 2025-09;DEMO202509000196;FACTURE MENSUELLE ENERGIE DEMO;Prelevement;Logement et immobilier;Electricite, gaz et eau;-69,00;;07/09/2025;07/09/2025;0
07/09/2025;SUSHI DEMO;CB SUSHI DEMO FACT 060925;DEMO202509000212;;Carte bancaire;Alimentation;Restaurants et cafes;-41,59;;06/09/2025;07/09/2025;0
03/09/2025;RESIDENCE DES LILAS;VIR SEPA LOYER 2025-09;DEMO202509000195;LOYER ET CHARGES DONNEES FICTIVES;Virement;Logement et immobilier;Loyer et charges;-820,00;;03/09/2025;03/09/2025;0
03/09/2025;LIDL;CB LIDL FACT 020925;DEMO202509000207;;Carte bancaire;Alimentation;Supermarche;-59,18;;02/09/2025;03/09/2025;0
28/08/2025;ATELIER HORIZON DEMO;VIR SEPA ATELIER HORIZON SALAIRE 2025-08;DEMO202508000170;SALAIRE NET 2025-08 DONNEES FICTIVES;Virement recu;Salaire et revenus;Salaire;;+2850,00;28/08/2025;28/08/2025;0
27/08/2025;CARREFOUR CITY;CB CARREFOUR CITY FACT 260825;DEMO202508000187;;Carte bancaire;Alimentation;Supermarche;-97,32;;26/08/2025;27/08/2025;0
26/08/2025;UBER;CB UBER TRIP FACT 250825;DEMO202508000191;;Carte bancaire;Transport;Taxi et VTC;-13,96;;25/08/2025;26/08/2025;0
24/08/2025;NAVIGO;PRLV SEPA NAVIGO 2025-08;DEMO202508000180;ABONNEMENT DEMO;Prelevement;Transport;Transports en commun;-86,40;;24/08/2025;24/08/2025;0
23/08/2025;SUSHI DEMO;CB SUSHI DEMO FACT 220825;DEMO202508000189;;Carte bancaire;Alimentation;Restaurants et cafes;-42,77;;22/08/2025;23/08/2025;0
21/08/2025;BASIC FIT;PRLV SEPA BASIC FIT 2025-08;DEMO202508000179;ABONNEMENT DEMO;Prelevement;Sante et bien-etre;Sport;-24,99;;21/08/2025;21/08/2025;0
21/08/2025;MONOPRIX;CB MONOPRIX FACT 200825;DEMO202508000186;;Carte bancaire;Alimentation;Supermarche;-80,39;;20/08/2025;21/08/2025;0
19/08/2025;OPENAI CHATGPT;CB OPENAI CHATGPT 2025-08;DEMO202508000178;ABONNEMENT DEMO;Carte bancaire;Shopping et services;Services numeriques;-23,00;;18/08/2025;19/08/2025;0
18/08/2025;COTISATIONS BANCAIRES;COTISATION BOUQUET DEMO;DEMO202508000181;;Frais bancaires;Banque et assurances;Frais bancaires;-9,90;;18/08/2025;18/08/2025;0
18/08/2025;REMISE COTISATIONS;REMISE SERVICES BOUQUET DEMO;DEMO202508000182;;Frais bancaires;Banque et assurances;Frais bancaires;;+4,95;18/08/2025;18/08/2025;0
17/08/2025;NETFLIX;CB NETFLIX 2025-08;DEMO202508000177;ABONNEMENT DEMO;Carte bancaire;Loisirs et vacances;Video;-13,49;;16/08/2025;17/08/2025;0
15/08/2025;LIDL;CB LIDL FACT 140825;DEMO202508000185;;Carte bancaire;Alimentation;Supermarche;-59,46;;14/08/2025;15/08/2025;0
15/08/2025;SPOTIFY;CB SPOTIFY 2025-08;DEMO202508000176;ABONNEMENT DEMO;Carte bancaire;Loisirs et vacances;Musique;-11,12;;14/08/2025;15/08/2025;0
14/08/2025;AMAZON DEMO;CB AMAZON DEMO FACT 130825;DEMO202508000192;;Carte bancaire;Shopping et services;Shopping et services - autre;-89,36;;13/08/2025;14/08/2025;0
12/08/2025;ASSURANCE SERENITE;PRLV SEPA ASSURANCE SERENITE 2025-08;DEMO202508000175;ABONNEMENT DEMO;Prelevement;Banque et assurances;Assurance habitation;-38,60;;12/08/2025;12/08/2025;0
11/08/2025;MOBILE NOVA;PRLV SEPA MOBILE NOVA 2025-08;DEMO202508000174;ABONNEMENT DEMO;Prelevement;Telephonie et internet;Telephone mobile;-14,99;;11/08/2025;11/08/2025;0
11/08/2025;UBER;CB UBER TRIP FACT 100825;DEMO202508000190;;Carte bancaire;Transport;Taxi et VTC;-21,53;;10/08/2025;11/08/2025;0
09/08/2025;FIBRE NOVA;PRLV SEPA FIBRE NOVA 2025-08;DEMO202508000173;ABONNEMENT DEMO;Prelevement;Telephonie et internet;Internet;-29,99;;09/08/2025;09/08/2025;0
09/08/2025;INTERMARCHE;CB INTERMARCHE FACT 080825;DEMO202508000184;;Carte bancaire;Alimentation;Supermarche;-83,29;;08/08/2025;09/08/2025;0
07/08/2025;ENERGIE CLAIRE;PRLV SEPA ENERGIE CLAIRE 2025-08;DEMO202508000172;FACTURE MENSUELLE ENERGIE DEMO;Prelevement;Logement et immobilier;Electricite, gaz et eau;-62,00;;07/08/2025;07/08/2025;0
07/08/2025;SUSHI DEMO;CB SUSHI DEMO FACT 060825;DEMO202508000188;;Carte bancaire;Alimentation;Restaurants et cafes;-26,13;;06/08/2025;07/08/2025;0
03/08/2025;RESIDENCE DES LILAS;VIR SEPA LOYER 2025-08;DEMO202508000171;LOYER ET CHARGES DONNEES FICTIVES;Virement;Logement et immobilier;Loyer et charges;-820,00;;03/08/2025;03/08/2025;0
03/08/2025;CARREFOUR CITY;CB CARREFOUR CITY FACT 020825;DEMO202508000183;;Carte bancaire;Alimentation;Supermarche;-71,60;;02/08/2025;03/08/2025;0
28/07/2025;ATELIER HORIZON DEMO;VIR SEPA ATELIER HORIZON SALAIRE 2025-07;DEMO202507000146;SALAIRE NET 2025-07 DONNEES FICTIVES;Virement recu;Salaire et revenus;Salaire;;+2850,00;28/07/2025;28/07/2025;0
27/07/2025;MONOPRIX;CB MONOPRIX FACT 260725;DEMO202507000163;;Carte bancaire;Alimentation;Supermarche;-71,98;;26/07/2025;27/07/2025;0
26/07/2025;UBER;CB UBER TRIP FACT 250725;DEMO202507000167;;Carte bancaire;Transport;Taxi et VTC;-16,83;;25/07/2025;26/07/2025;0
24/07/2025;NAVIGO;PRLV SEPA NAVIGO 2025-07;DEMO202507000156;ABONNEMENT DEMO;Prelevement;Transport;Transports en commun;-86,40;;24/07/2025;24/07/2025;0
23/07/2025;SUSHI DEMO;CB SUSHI DEMO FACT 220725;DEMO202507000165;;Carte bancaire;Alimentation;Restaurants et cafes;-24,26;;22/07/2025;23/07/2025;0
21/07/2025;BASIC FIT;PRLV SEPA BASIC FIT 2025-07;DEMO202507000155;ABONNEMENT DEMO;Prelevement;Sante et bien-etre;Sport;-24,99;;21/07/2025;21/07/2025;0
21/07/2025;MONOPRIX;CB MONOPRIX FACT 200725;DEMO202507000162;;Carte bancaire;Alimentation;Supermarche;-71,37;;20/07/2025;21/07/2025;0
19/07/2025;OPENAI CHATGPT;CB OPENAI CHATGPT 2025-07;DEMO202507000154;ABONNEMENT DEMO;Carte bancaire;Shopping et services;Services numeriques;-23,00;;18/07/2025;19/07/2025;0
18/07/2025;COTISATIONS BANCAIRES;COTISATION BOUQUET DEMO;DEMO202507000157;;Frais bancaires;Banque et assurances;Frais bancaires;-9,90;;18/07/2025;18/07/2025;0
18/07/2025;REMISE COTISATIONS;REMISE SERVICES BOUQUET DEMO;DEMO202507000158;;Frais bancaires;Banque et assurances;Frais bancaires;;+4,95;18/07/2025;18/07/2025;0
18/07/2025;PHARMACIE CENTRALE;CB PHARMACIE CENTRALE FACT 170725;DEMO202507000169;;Carte bancaire;Sante et bien-etre;Pharmacie;-23,24;;17/07/2025;18/07/2025;0
17/07/2025;NETFLIX;CB NETFLIX 2025-07;DEMO202507000153;ABONNEMENT DEMO;Carte bancaire;Loisirs et vacances;Video;-13,49;;16/07/2025;17/07/2025;0
15/07/2025;MONOPRIX;CB MONOPRIX FACT 140725;DEMO202507000161;;Carte bancaire;Alimentation;Supermarche;-49,10;;14/07/2025;15/07/2025;0
15/07/2025;SPOTIFY;CB SPOTIFY 2025-07;DEMO202507000152;ABONNEMENT DEMO;Carte bancaire;Loisirs et vacances;Musique;-11,12;;14/07/2025;15/07/2025;0
14/07/2025;FNAC DIRECT;CB FNAC DIRECT FACT 130725;DEMO202507000168;;Carte bancaire;Shopping et services;Shopping et services - autre;-95,19;;13/07/2025;14/07/2025;0
12/07/2025;ASSURANCE SERENITE;PRLV SEPA ASSURANCE SERENITE 2025-07;DEMO202507000151;ABONNEMENT DEMO;Prelevement;Banque et assurances;Assurance habitation;-38,60;;12/07/2025;12/07/2025;0
11/07/2025;MOBILE NOVA;PRLV SEPA MOBILE NOVA 2025-07;DEMO202507000150;ABONNEMENT DEMO;Prelevement;Telephonie et internet;Telephone mobile;-14,99;;11/07/2025;11/07/2025;0
11/07/2025;UBER;CB UBER TRIP FACT 100725;DEMO202507000166;;Carte bancaire;Transport;Taxi et VTC;-23,39;;10/07/2025;11/07/2025;0
10/07/2025;HOTEL RIVIERA DEMO;CB HOTEL RIVIERA DEMO;DEMO202507000436;OPERATION EXCEPTIONNELLE DEMO;Carte bancaire;Loisirs et vacances;Hotels;-412,80;;09/07/2025;10/07/2025;0
09/07/2025;FIBRE NOVA;PRLV SEPA FIBRE NOVA 2025-07;DEMO202507000149;ABONNEMENT DEMO;Prelevement;Telephonie et internet;Internet;-29,99;;09/07/2025;09/07/2025;0
09/07/2025;INTERMARCHE;CB INTERMARCHE FACT 080725;DEMO202507000160;;Carte bancaire;Alimentation;Supermarche;-85,81;;08/07/2025;09/07/2025;0
08/07/2025;AIR FRANCE DEMO;CB AIR FRANCE DEMO;DEMO202507000435;OPERATION EXCEPTIONNELLE DEMO;Carte bancaire;Loisirs et vacances;Voyages;-286,40;;07/07/2025;08/07/2025;0
07/07/2025;ENERGIE CLAIRE;PRLV SEPA ENERGIE CLAIRE 2025-07;DEMO202507000148;FACTURE MENSUELLE ENERGIE DEMO;Prelevement;Logement et immobilier;Electricite, gaz et eau;-60,00;;07/07/2025;07/07/2025;0
07/07/2025;SUSHI DEMO;CB SUSHI DEMO FACT 060725;DEMO202507000164;;Carte bancaire;Alimentation;Restaurants et cafes;-53,78;;06/07/2025;07/07/2025;0
03/07/2025;RESIDENCE DES LILAS;VIR SEPA LOYER 2025-07;DEMO202507000147;LOYER ET CHARGES DONNEES FICTIVES;Virement;Logement et immobilier;Loyer et charges;-820,00;;03/07/2025;03/07/2025;0
03/07/2025;INTERMARCHE;CB INTERMARCHE FACT 020725;DEMO202507000159;;Carte bancaire;Alimentation;Supermarche;-62,15;;02/07/2025;03/07/2025;0
28/06/2025;ATELIER HORIZON DEMO;VIR SEPA ATELIER HORIZON SALAIRE 2025-06;DEMO202506000121;SALAIRE NET 2025-06 DONNEES FICTIVES;Virement recu;Salaire et revenus;Salaire;;+2850,00;28/06/2025;28/06/2025;0
27/06/2025;LIDL;CB LIDL FACT 260625;DEMO202506000139;;Carte bancaire;Alimentation;Supermarche;-104,58;;26/06/2025;27/06/2025;0
26/06/2025;UBER;CB UBER TRIP FACT 250625;DEMO202506000143;;Carte bancaire;Transport;Taxi et VTC;-9,96;;25/06/2025;26/06/2025;0
24/06/2025;NAVIGO;PRLV SEPA NAVIGO 2025-06;DEMO202506000132;ABONNEMENT DEMO;Prelevement;Transport;Transports en commun;-86,40;;24/06/2025;24/06/2025;0
23/06/2025;SUSHI DEMO;CB SUSHI DEMO FACT 220625;DEMO202506000141;;Carte bancaire;Alimentation;Restaurants et cafes;-52,72;;22/06/2025;23/06/2025;0
21/06/2025;BASIC FIT;PRLV SEPA BASIC FIT 2025-06;DEMO202506000131;ABONNEMENT DEMO;Prelevement;Sante et bien-etre;Sport;-24,99;;21/06/2025;21/06/2025;0
21/06/2025;CARREFOUR CITY;CB CARREFOUR CITY FACT 200625;DEMO202506000138;;Carte bancaire;Alimentation;Supermarche;-38,64;;20/06/2025;21/06/2025;0
20/06/2025;MISSION FREELANCE DEMO;VIR SEPA MISSION FREELANCE DEMO;DEMO202506000122;MISSION TRIMESTRIELLE 2025-06;Virement recu;Salaire et revenus;Revenus complementaires;;+582,66;20/06/2025;20/06/2025;0
19/06/2025;REMBOURSEMENT GROUPE DEMO;VIR SEPA REMBOURSEMENT GROUPE DEMO;DEMO202506000145;PARTAGE DE DEPENSES FICTIF;Virement recu;Virements;Remboursement entre proches;;+91,66;19/06/2025;19/06/2025;0
19/06/2025;OPENAI CHATGPT;CB OPENAI CHATGPT 2025-06;DEMO202506000130;ABONNEMENT DEMO;Carte bancaire;Shopping et services;Services numeriques;-23,00;;18/06/2025;19/06/2025;0
18/06/2025;COTISATIONS BANCAIRES;COTISATION BOUQUET DEMO;DEMO202506000133;;Frais bancaires;Banque et assurances;Frais bancaires;-9,90;;18/06/2025;18/06/2025;0
18/06/2025;REMISE COTISATIONS;REMISE SERVICES BOUQUET DEMO;DEMO202506000134;;Frais bancaires;Banque et assurances;Frais bancaires;;+4,95;18/06/2025;18/06/2025;0
17/06/2025;NETFLIX;CB NETFLIX 2025-06;DEMO202506000129;ABONNEMENT DEMO;Carte bancaire;Loisirs et vacances;Video;-13,49;;16/06/2025;17/06/2025;0
15/06/2025;INTERMARCHE;CB INTERMARCHE FACT 140625;DEMO202506000137;;Carte bancaire;Alimentation;Supermarche;-98,12;;14/06/2025;15/06/2025;0
15/06/2025;SPOTIFY;CB SPOTIFY 2025-06;DEMO202506000128;ABONNEMENT DEMO;Carte bancaire;Loisirs et vacances;Musique;-11,12;;14/06/2025;15/06/2025;0
14/06/2025;UNIQLO;CB UNIQLO FACT 130625;DEMO202506000144;;Carte bancaire;Shopping et services;Shopping et services - autre;-123,71;;13/06/2025;14/06/2025;0
12/06/2025;ASSURANCE SERENITE;PRLV SEPA ASSURANCE SERENITE 2025-06;DEMO202506000127;ABONNEMENT DEMO;Prelevement;Banque et assurances;Assurance habitation;-38,60;;12/06/2025;12/06/2025;0
11/06/2025;MOBILE NOVA;PRLV SEPA MOBILE NOVA 2025-06;DEMO202506000126;ABONNEMENT DEMO;Prelevement;Telephonie et internet;Telephone mobile;-14,99;;11/06/2025;11/06/2025;0
11/06/2025;UBER;CB UBER TRIP FACT 100625;DEMO202506000142;;Carte bancaire;Transport;Taxi et VTC;-13,28;;10/06/2025;11/06/2025;0
09/06/2025;FIBRE NOVA;PRLV SEPA FIBRE NOVA 2025-06;DEMO202506000125;ABONNEMENT DEMO;Prelevement;Telephonie et internet;Internet;-29,99;;09/06/2025;09/06/2025;0
09/06/2025;CARREFOUR CITY;CB CARREFOUR CITY FACT 080625;DEMO202506000136;;Carte bancaire;Alimentation;Supermarche;-58,32;;08/06/2025;09/06/2025;0
07/06/2025;ENERGIE CLAIRE;PRLV SEPA ENERGIE CLAIRE 2025-06;DEMO202506000124;FACTURE MENSUELLE ENERGIE DEMO;Prelevement;Logement et immobilier;Electricite, gaz et eau;-64,00;;07/06/2025;07/06/2025;0
07/06/2025;CAFE REPUBLIQUE;CB CAFE REPUBLIQUE FACT 060625;DEMO202506000140;;Carte bancaire;Alimentation;Restaurants et cafes;-50,93;;06/06/2025;07/06/2025;0
03/06/2025;RESIDENCE DES LILAS;VIR SEPA LOYER 2025-06;DEMO202506000123;LOYER ET CHARGES DONNEES FICTIVES;Virement;Logement et immobilier;Loyer et charges;-820,00;;03/06/2025;03/06/2025;0
03/06/2025;CARREFOUR CITY;CB CARREFOUR CITY FACT 020625;DEMO202506000135;;Carte bancaire;Alimentation;Supermarche;-88,54;;02/06/2025;03/06/2025;0
28/05/2025;ATELIER HORIZON DEMO;VIR SEPA ATELIER HORIZON SALAIRE 2025-05;DEMO202505000097;SALAIRE NET 2025-05 DONNEES FICTIVES;Virement recu;Salaire et revenus;Salaire;;+2850,00;28/05/2025;28/05/2025;0
27/05/2025;LIDL;CB LIDL FACT 260525;DEMO202505000114;;Carte bancaire;Alimentation;Supermarche;-99,41;;26/05/2025;27/05/2025;0
26/05/2025;UBER;CB UBER TRIP FACT 250525;DEMO202505000118;;Carte bancaire;Transport;Taxi et VTC;-16,13;;25/05/2025;26/05/2025;0
24/05/2025;NAVIGO;PRLV SEPA NAVIGO 2025-05;DEMO202505000107;ABONNEMENT DEMO;Prelevement;Transport;Transports en commun;-86,40;;24/05/2025;24/05/2025;0
23/05/2025;SUSHI DEMO;CB SUSHI DEMO FACT 220525;DEMO202505000116;;Carte bancaire;Alimentation;Restaurants et cafes;-38,72;;22/05/2025;23/05/2025;0
21/05/2025;BASIC FIT;PRLV SEPA BASIC FIT 2025-05;DEMO202505000106;ABONNEMENT DEMO;Prelevement;Sante et bien-etre;Sport;-24,99;;21/05/2025;21/05/2025;0
21/05/2025;LIDL;CB LIDL FACT 200525;DEMO202505000113;;Carte bancaire;Alimentation;Supermarche;-48,20;;20/05/2025;21/05/2025;0
19/05/2025;OPENAI CHATGPT;CB OPENAI CHATGPT 2025-05;DEMO202505000105;ABONNEMENT DEMO;Carte bancaire;Shopping et services;Services numeriques;-23,00;;18/05/2025;19/05/2025;0
18/05/2025;COTISATIONS BANCAIRES;COTISATION BOUQUET DEMO;DEMO202505000108;;Frais bancaires;Banque et assurances;Frais bancaires;-9,90;;18/05/2025;18/05/2025;0
18/05/2025;REMISE COTISATIONS;REMISE SERVICES BOUQUET DEMO;DEMO202505000109;;Frais bancaires;Banque et assurances;Frais bancaires;;+4,95;18/05/2025;18/05/2025;0
18/05/2025;PHARMACIE CENTRALE;CB PHARMACIE CENTRALE FACT 170525;DEMO202505000120;;Carte bancaire;Sante et bien-etre;Pharmacie;-14,29;;17/05/2025;18/05/2025;0
17/05/2025;NETFLIX;CB NETFLIX 2025-05;DEMO202505000104;ABONNEMENT DEMO;Carte bancaire;Loisirs et vacances;Video;-13,49;;16/05/2025;17/05/2025;0
15/05/2025;CARREFOUR CITY;CB CARREFOUR CITY FACT 140525;DEMO202505000112;;Carte bancaire;Alimentation;Supermarche;-57,48;;14/05/2025;15/05/2025;0
15/05/2025;SPOTIFY;CB SPOTIFY 2025-05;DEMO202505000103;ABONNEMENT DEMO;Carte bancaire;Loisirs et vacances;Musique;-11,12;;14/05/2025;15/05/2025;0
14/05/2025;DECATHLON;CB DECATHLON FACT 130525;DEMO202505000119;;Carte bancaire;Shopping et services;Shopping et services - autre;-134,36;;13/05/2025;14/05/2025;0
12/05/2025;ASSURANCE SERENITE;PRLV SEPA ASSURANCE SERENITE 2025-05;DEMO202505000102;ABONNEMENT DEMO;Prelevement;Banque et assurances;Assurance habitation;-38,60;;12/05/2025;12/05/2025;0
11/05/2025;MOBILE NOVA;PRLV SEPA MOBILE NOVA 2025-05;DEMO202505000101;ABONNEMENT DEMO;Prelevement;Telephonie et internet;Telephone mobile;-14,99;;11/05/2025;11/05/2025;0
11/05/2025;UBER;CB UBER TRIP FACT 100525;DEMO202505000117;;Carte bancaire;Transport;Taxi et VTC;-10,82;;10/05/2025;11/05/2025;0
09/05/2025;FIBRE NOVA;PRLV SEPA FIBRE NOVA 2025-05;DEMO202505000100;ABONNEMENT DEMO;Prelevement;Telephonie et internet;Internet;-29,99;;09/05/2025;09/05/2025;0
09/05/2025;MONOPRIX;CB MONOPRIX FACT 080525;DEMO202505000111;;Carte bancaire;Alimentation;Supermarche;-41,41;;08/05/2025;09/05/2025;0
07/05/2025;ENERGIE CLAIRE;PRLV SEPA ENERGIE CLAIRE 2025-05;DEMO202505000099;FACTURE MENSUELLE ENERGIE DEMO;Prelevement;Logement et immobilier;Electricite, gaz et eau;-70,00;;07/05/2025;07/05/2025;0
07/05/2025;CAFE REPUBLIQUE;CB CAFE REPUBLIQUE FACT 060525;DEMO202505000115;;Carte bancaire;Alimentation;Restaurants et cafes;-27,59;;06/05/2025;07/05/2025;0
03/05/2025;RESIDENCE DES LILAS;VIR SEPA LOYER 2025-05;DEMO202505000098;LOYER ET CHARGES DONNEES FICTIVES;Virement;Logement et immobilier;Loyer et charges;-820,00;;03/05/2025;03/05/2025;0
03/05/2025;MONOPRIX;CB MONOPRIX FACT 020525;DEMO202505000110;;Carte bancaire;Alimentation;Supermarche;-92,27;;02/05/2025;03/05/2025;0
28/04/2025;ATELIER HORIZON DEMO;VIR SEPA ATELIER HORIZON SALAIRE 2025-04;DEMO202504000074;SALAIRE NET 2025-04 DONNEES FICTIVES;Virement recu;Salaire et revenus;Salaire;;+2850,00;28/04/2025;28/04/2025;0
27/04/2025;CARREFOUR CITY;CB CARREFOUR CITY FACT 260425;DEMO202504000091;;Carte bancaire;Alimentation;Supermarche;-64,94;;26/04/2025;27/04/2025;0
26/04/2025;UBER;CB UBER TRIP FACT 250425;DEMO202504000095;;Carte bancaire;Transport;Taxi et VTC;-19,66;;25/04/2025;26/04/2025;0
24/04/2025;NAVIGO;PRLV SEPA NAVIGO 2025-04;DEMO202504000084;ABONNEMENT DEMO;Prelevement;Transport;Transports en commun;-86,40;;24/04/2025;24/04/2025;0
23/04/2025;SUSHI DEMO;CB SUSHI DEMO FACT 220425;DEMO202504000093;;Carte bancaire;Alimentation;Restaurants et cafes;-19,74;;22/04/2025;23/04/2025;0
21/04/2025;BASIC FIT;PRLV SEPA BASIC FIT 2025-04;DEMO202504000083;ABONNEMENT DEMO;Prelevement;Sante et bien-etre;Sport;-24,99;;21/04/2025;21/04/2025;0
21/04/2025;CARREFOUR CITY;CB CARREFOUR CITY FACT 200425;DEMO202504000090;;Carte bancaire;Alimentation;Supermarche;-74,38;;20/04/2025;21/04/2025;0
19/04/2025;OPENAI CHATGPT;CB OPENAI CHATGPT 2025-04;DEMO202504000082;ABONNEMENT DEMO;Carte bancaire;Shopping et services;Services numeriques;-23,00;;18/04/2025;19/04/2025;0
18/04/2025;COTISATIONS BANCAIRES;COTISATION BOUQUET DEMO;DEMO202504000085;;Frais bancaires;Banque et assurances;Frais bancaires;-9,90;;18/04/2025;18/04/2025;0
18/04/2025;REMISE COTISATIONS;REMISE SERVICES BOUQUET DEMO;DEMO202504000086;;Frais bancaires;Banque et assurances;Frais bancaires;;+4,95;18/04/2025;18/04/2025;0
17/04/2025;NETFLIX;CB NETFLIX 2025-04;DEMO202504000081;ABONNEMENT DEMO;Carte bancaire;Loisirs et vacances;Video;-13,49;;16/04/2025;17/04/2025;0
15/04/2025;MONOPRIX;CB MONOPRIX FACT 140425;DEMO202504000089;;Carte bancaire;Alimentation;Supermarche;-55,34;;14/04/2025;15/04/2025;0
15/04/2025;SPOTIFY;CB SPOTIFY 2025-04;DEMO202504000080;ABONNEMENT DEMO;Carte bancaire;Loisirs et vacances;Musique;-11,12;;14/04/2025;15/04/2025;0
14/04/2025;AMAZON DEMO;CB AMAZON DEMO FACT 130425;DEMO202504000096;;Carte bancaire;Shopping et services;Shopping et services - autre;-65,12;;13/04/2025;14/04/2025;0
12/04/2025;ASSURANCE SERENITE;PRLV SEPA ASSURANCE SERENITE 2025-04;DEMO202504000079;ABONNEMENT DEMO;Prelevement;Banque et assurances;Assurance habitation;-38,60;;12/04/2025;12/04/2025;0
11/04/2025;MOBILE NOVA;PRLV SEPA MOBILE NOVA 2025-04;DEMO202504000078;ABONNEMENT DEMO;Prelevement;Telephonie et internet;Telephone mobile;-14,99;;11/04/2025;11/04/2025;0
11/04/2025;UBER;CB UBER TRIP FACT 100425;DEMO202504000094;;Carte bancaire;Transport;Taxi et VTC;-18,63;;10/04/2025;11/04/2025;0
09/04/2025;FIBRE NOVA;PRLV SEPA FIBRE NOVA 2025-04;DEMO202504000077;ABONNEMENT DEMO;Prelevement;Telephonie et internet;Internet;-29,99;;09/04/2025;09/04/2025;0
09/04/2025;CARREFOUR CITY;CB CARREFOUR CITY FACT 080425;DEMO202504000088;;Carte bancaire;Alimentation;Supermarche;-80,33;;08/04/2025;09/04/2025;0
07/04/2025;ENERGIE CLAIRE;PRLV SEPA ENERGIE CLAIRE 2025-04;DEMO202504000076;FACTURE MENSUELLE ENERGIE DEMO;Prelevement;Logement et immobilier;Electricite, gaz et eau;-77,00;;07/04/2025;07/04/2025;0
07/04/2025;CAFE REPUBLIQUE;CB CAFE REPUBLIQUE FACT 060425;DEMO202504000092;;Carte bancaire;Alimentation;Restaurants et cafes;-21,22;;06/04/2025;07/04/2025;0
03/04/2025;RESIDENCE DES LILAS;VIR SEPA LOYER 2025-04;DEMO202504000075;LOYER ET CHARGES DONNEES FICTIVES;Virement;Logement et immobilier;Loyer et charges;-820,00;;03/04/2025;03/04/2025;0
03/04/2025;CARREFOUR CITY;CB CARREFOUR CITY FACT 020425;DEMO202504000087;;Carte bancaire;Alimentation;Supermarche;-71,13;;02/04/2025;03/04/2025;0
28/03/2025;ATELIER HORIZON DEMO;VIR SEPA ATELIER HORIZON SALAIRE 2025-03;DEMO202503000049;SALAIRE NET 2025-03 DONNEES FICTIVES;Virement recu;Salaire et revenus;Salaire;;+2850,00;28/03/2025;28/03/2025;0
27/03/2025;CARREFOUR CITY;CB CARREFOUR CITY FACT 260325;DEMO202503000067;;Carte bancaire;Alimentation;Supermarche;-86,96;;26/03/2025;27/03/2025;0
26/03/2025;UBER;CB UBER TRIP FACT 250325;DEMO202503000071;;Carte bancaire;Transport;Taxi et VTC;-17,96;;25/03/2025;26/03/2025;0
24/03/2025;NAVIGO;PRLV SEPA NAVIGO 2025-03;DEMO202503000060;ABONNEMENT DEMO;Prelevement;Transport;Transports en commun;-86,40;;24/03/2025;24/03/2025;0
23/03/2025;CAFE REPUBLIQUE;CB CAFE REPUBLIQUE FACT 220325;DEMO202503000069;;Carte bancaire;Alimentation;Restaurants et cafes;-48,47;;22/03/2025;23/03/2025;0
21/03/2025;BASIC FIT;PRLV SEPA BASIC FIT 2025-03;DEMO202503000059;ABONNEMENT DEMO;Prelevement;Sante et bien-etre;Sport;-24,99;;21/03/2025;21/03/2025;0
21/03/2025;MONOPRIX;CB MONOPRIX FACT 200325;DEMO202503000066;;Carte bancaire;Alimentation;Supermarche;-59,97;;20/03/2025;21/03/2025;0
20/03/2025;MISSION FREELANCE DEMO;VIR SEPA MISSION FREELANCE DEMO;DEMO202503000050;MISSION TRIMESTRIELLE 2025-03;Virement recu;Salaire et revenus;Revenus complementaires;;+641,26;20/03/2025;20/03/2025;0
19/03/2025;OPENAI CHATGPT;CB OPENAI CHATGPT 2025-03;DEMO202503000058;ABONNEMENT DEMO;Carte bancaire;Shopping et services;Services numeriques;-23,00;;18/03/2025;19/03/2025;0
18/03/2025;COTISATIONS BANCAIRES;COTISATION BOUQUET DEMO;DEMO202503000061;;Frais bancaires;Banque et assurances;Frais bancaires;-9,90;;18/03/2025;18/03/2025;0
18/03/2025;REMISE COTISATIONS;REMISE SERVICES BOUQUET DEMO;DEMO202503000062;;Frais bancaires;Banque et assurances;Frais bancaires;;+4,95;18/03/2025;18/03/2025;0
18/03/2025;PHARMACIE CENTRALE;CB PHARMACIE CENTRALE FACT 170325;DEMO202503000073;;Carte bancaire;Sante et bien-etre;Pharmacie;-41,78;;17/03/2025;18/03/2025;0
17/03/2025;NETFLIX;CB NETFLIX 2025-03;DEMO202503000057;ABONNEMENT DEMO;Carte bancaire;Loisirs et vacances;Video;-13,49;;16/03/2025;17/03/2025;0
15/03/2025;CARREFOUR CITY;CB CARREFOUR CITY FACT 140325;DEMO202503000065;;Carte bancaire;Alimentation;Supermarche;-84,64;;14/03/2025;15/03/2025;0
15/03/2025;SPOTIFY;CB SPOTIFY 2025-03;DEMO202503000056;ABONNEMENT DEMO;Carte bancaire;Loisirs et vacances;Musique;-11,12;;14/03/2025;15/03/2025;0
14/03/2025;AMAZON DEMO;CB AMAZON DEMO FACT 130325;DEMO202503000072;;Carte bancaire;Shopping et services;Shopping et services - autre;-113,70;;13/03/2025;14/03/2025;0
12/03/2025;ASSURANCE SERENITE;PRLV SEPA ASSURANCE SERENITE 2025-03;DEMO202503000055;ABONNEMENT DEMO;Prelevement;Banque et assurances;Assurance habitation;-38,60;;12/03/2025;12/03/2025;0
11/03/2025;MOBILE NOVA;PRLV SEPA MOBILE NOVA 2025-03;DEMO202503000054;ABONNEMENT DEMO;Prelevement;Telephonie et internet;Telephone mobile;-14,99;;11/03/2025;11/03/2025;0
11/03/2025;UBER;CB UBER TRIP FACT 100325;DEMO202503000070;;Carte bancaire;Transport;Taxi et VTC;-24,62;;10/03/2025;11/03/2025;0
09/03/2025;FIBRE NOVA;PRLV SEPA FIBRE NOVA 2025-03;DEMO202503000053;ABONNEMENT DEMO;Prelevement;Telephonie et internet;Internet;-29,99;;09/03/2025;09/03/2025;0
09/03/2025;INTERMARCHE;CB INTERMARCHE FACT 080325;DEMO202503000064;;Carte bancaire;Alimentation;Supermarche;-47,65;;08/03/2025;09/03/2025;0
07/03/2025;ENERGIE CLAIRE;PRLV SEPA ENERGIE CLAIRE 2025-03;DEMO202503000052;FACTURE MENSUELLE ENERGIE DEMO;Prelevement;Logement et immobilier;Electricite, gaz et eau;-84,00;;07/03/2025;07/03/2025;0
07/03/2025;SUSHI DEMO;CB SUSHI DEMO FACT 060325;DEMO202503000068;;Carte bancaire;Alimentation;Restaurants et cafes;-41,37;;06/03/2025;07/03/2025;0
03/03/2025;RESIDENCE DES LILAS;VIR SEPA LOYER 2025-03;DEMO202503000051;LOYER ET CHARGES DONNEES FICTIVES;Virement;Logement et immobilier;Loyer et charges;-820,00;;03/03/2025;03/03/2025;0
03/03/2025;INTERMARCHE;CB INTERMARCHE FACT 020325;DEMO202503000063;;Carte bancaire;Alimentation;Supermarche;-76,93;;02/03/2025;03/03/2025;0
28/02/2025;ATELIER HORIZON DEMO;VIR SEPA ATELIER HORIZON SALAIRE 2025-02;DEMO202502000025;SALAIRE NET 2025-02 DONNEES FICTIVES;Virement recu;Salaire et revenus;Salaire;;+2850,00;28/02/2025;28/02/2025;0
27/02/2025;LIDL;CB LIDL FACT 260225;DEMO202502000042;;Carte bancaire;Alimentation;Supermarche;-45,49;;26/02/2025;27/02/2025;0
26/02/2025;UBER;CB UBER TRIP FACT 250225;DEMO202502000046;;Carte bancaire;Transport;Taxi et VTC;-19,17;;25/02/2025;26/02/2025;0
24/02/2025;NAVIGO;PRLV SEPA NAVIGO 2025-02;DEMO202502000035;ABONNEMENT DEMO;Prelevement;Transport;Transports en commun;-86,40;;24/02/2025;24/02/2025;0
23/02/2025;CAFE REPUBLIQUE;CB CAFE REPUBLIQUE FACT 220225;DEMO202502000044;;Carte bancaire;Alimentation;Restaurants et cafes;-46,82;;22/02/2025;23/02/2025;0
21/02/2025;BASIC FIT;PRLV SEPA BASIC FIT 2025-02;DEMO202502000034;ABONNEMENT DEMO;Prelevement;Sante et bien-etre;Sport;-24,99;;21/02/2025;21/02/2025;0
21/02/2025;LIDL;CB LIDL FACT 200225;DEMO202502000041;;Carte bancaire;Alimentation;Supermarche;-96,14;;20/02/2025;21/02/2025;0
19/02/2025;REMBOURSEMENT GROUPE DEMO;VIR SEPA REMBOURSEMENT GROUPE DEMO;DEMO202502000048;PARTAGE DE DEPENSES FICTIF;Virement recu;Virements;Remboursement entre proches;;+74,95;19/02/2025;19/02/2025;0
19/02/2025;OPENAI CHATGPT;CB OPENAI CHATGPT 2025-02;DEMO202502000033;ABONNEMENT DEMO;Carte bancaire;Shopping et services;Services numeriques;-23,00;;18/02/2025;19/02/2025;0
18/02/2025;COTISATIONS BANCAIRES;COTISATION BOUQUET DEMO;DEMO202502000036;;Frais bancaires;Banque et assurances;Frais bancaires;-9,90;;18/02/2025;18/02/2025;0
18/02/2025;REMISE COTISATIONS;REMISE SERVICES BOUQUET DEMO;DEMO202502000037;;Frais bancaires;Banque et assurances;Frais bancaires;;+4,95;18/02/2025;18/02/2025;0
17/02/2025;NETFLIX;CB NETFLIX 2025-02;DEMO202502000032;ABONNEMENT DEMO;Carte bancaire;Loisirs et vacances;Video;-13,49;;16/02/2025;17/02/2025;0
15/02/2025;CARREFOUR CITY;CB CARREFOUR CITY FACT 140225;DEMO202502000040;;Carte bancaire;Alimentation;Supermarche;-84,55;;14/02/2025;15/02/2025;0
15/02/2025;SPOTIFY;CB SPOTIFY 2025-02;DEMO202502000031;ABONNEMENT DEMO;Carte bancaire;Loisirs et vacances;Musique;-11,12;;14/02/2025;15/02/2025;0
14/02/2025;AMAZON DEMO;CB AMAZON DEMO FACT 130225;DEMO202502000047;;Carte bancaire;Shopping et services;Shopping et services - autre;-58,02;;13/02/2025;14/02/2025;0
12/02/2025;ASSURANCE SERENITE;PRLV SEPA ASSURANCE SERENITE 2025-02;DEMO202502000030;ABONNEMENT DEMO;Prelevement;Banque et assurances;Assurance habitation;-38,60;;12/02/2025;12/02/2025;0
11/02/2025;MOBILE NOVA;PRLV SEPA MOBILE NOVA 2025-02;DEMO202502000029;ABONNEMENT DEMO;Prelevement;Telephonie et internet;Telephone mobile;-14,99;;11/02/2025;11/02/2025;0
11/02/2025;UBER;CB UBER TRIP FACT 100225;DEMO202502000045;;Carte bancaire;Transport;Taxi et VTC;-17,23;;10/02/2025;11/02/2025;0
09/02/2025;FIBRE NOVA;PRLV SEPA FIBRE NOVA 2025-02;DEMO202502000028;ABONNEMENT DEMO;Prelevement;Telephonie et internet;Internet;-29,99;;09/02/2025;09/02/2025;0
09/02/2025;MONOPRIX;CB MONOPRIX FACT 080225;DEMO202502000039;;Carte bancaire;Alimentation;Supermarche;-58,10;;08/02/2025;09/02/2025;0
07/02/2025;ENERGIE CLAIRE;PRLV SEPA ENERGIE CLAIRE 2025-02;DEMO202502000027;FACTURE MENSUELLE ENERGIE DEMO;Prelevement;Logement et immobilier;Electricite, gaz et eau;-92,00;;07/02/2025;07/02/2025;0
07/02/2025;BISTROT CENTRAL;CB BISTROT CENTRAL FACT 060225;DEMO202502000043;;Carte bancaire;Alimentation;Restaurants et cafes;-21,66;;06/02/2025;07/02/2025;0
03/02/2025;RESIDENCE DES LILAS;VIR SEPA LOYER 2025-02;DEMO202502000026;LOYER ET CHARGES DONNEES FICTIVES;Virement;Logement et immobilier;Loyer et charges;-820,00;;03/02/2025;03/02/2025;0
03/02/2025;LIDL;CB LIDL FACT 020225;DEMO202502000038;;Carte bancaire;Alimentation;Supermarche;-56,65;;02/02/2025;03/02/2025;0
28/01/2025;ATELIER HORIZON DEMO;VIR SEPA ATELIER HORIZON SALAIRE 2025-01;DEMO202501000001;SALAIRE NET 2025-01 DONNEES FICTIVES;Virement recu;Salaire et revenus;Salaire;;+2850,00;28/01/2025;28/01/2025;0
27/01/2025;LIDL;CB LIDL FACT 260125;DEMO202501000018;;Carte bancaire;Alimentation;Supermarche;-43,55;;26/01/2025;27/01/2025;0
26/01/2025;UBER;CB UBER TRIP FACT 250125;DEMO202501000022;;Carte bancaire;Transport;Taxi et VTC;-19,45;;25/01/2025;26/01/2025;0
24/01/2025;NAVIGO;PRLV SEPA NAVIGO 2025-01;DEMO202501000011;ABONNEMENT DEMO;Prelevement;Transport;Transports en commun;-86,40;;24/01/2025;24/01/2025;0
23/01/2025;CAFE REPUBLIQUE;CB CAFE REPUBLIQUE FACT 220125;DEMO202501000020;;Carte bancaire;Alimentation;Restaurants et cafes;-35,67;;22/01/2025;23/01/2025;0
21/01/2025;BASIC FIT;PRLV SEPA BASIC FIT 2025-01;DEMO202501000010;ABONNEMENT DEMO;Prelevement;Sante et bien-etre;Sport;-24,99;;21/01/2025;21/01/2025;0
21/01/2025;LIDL;CB LIDL FACT 200125;DEMO202501000017;;Carte bancaire;Alimentation;Supermarche;-92,53;;20/01/2025;21/01/2025;0
19/01/2025;OPENAI CHATGPT;CB OPENAI CHATGPT 2025-01;DEMO202501000009;ABONNEMENT DEMO;Carte bancaire;Shopping et services;Services numeriques;-23,00;;18/01/2025;19/01/2025;0
18/01/2025;COTISATIONS BANCAIRES;COTISATION BOUQUET DEMO;DEMO202501000012;;Frais bancaires;Banque et assurances;Frais bancaires;-9,90;;18/01/2025;18/01/2025;0
18/01/2025;REMISE COTISATIONS;REMISE SERVICES BOUQUET DEMO;DEMO202501000013;;Frais bancaires;Banque et assurances;Frais bancaires;;+4,95;18/01/2025;18/01/2025;0
18/01/2025;PHARMACIE CENTRALE;CB PHARMACIE CENTRALE FACT 170125;DEMO202501000024;;Carte bancaire;Sante et bien-etre;Pharmacie;-32,62;;17/01/2025;18/01/2025;0
17/01/2025;NETFLIX;CB NETFLIX 2025-01;DEMO202501000008;ABONNEMENT DEMO;Carte bancaire;Loisirs et vacances;Video;-13,49;;16/01/2025;17/01/2025;0
15/01/2025;MONOPRIX;CB MONOPRIX FACT 140125;DEMO202501000016;;Carte bancaire;Alimentation;Supermarche;-83,82;;14/01/2025;15/01/2025;0
15/01/2025;SPOTIFY;CB SPOTIFY 2025-01;DEMO202501000007;ABONNEMENT DEMO;Carte bancaire;Loisirs et vacances;Musique;-11,12;;14/01/2025;15/01/2025;0
14/01/2025;FNAC DIRECT;CB FNAC DIRECT FACT 130125;DEMO202501000023;;Carte bancaire;Shopping et services;Shopping et services - autre;-83,78;;13/01/2025;14/01/2025;0
12/01/2025;ASSURANCE SERENITE;PRLV SEPA ASSURANCE SERENITE 2025-01;DEMO202501000006;ABONNEMENT DEMO;Prelevement;Banque et assurances;Assurance habitation;-38,60;;12/01/2025;12/01/2025;0
11/01/2025;MOBILE NOVA;PRLV SEPA MOBILE NOVA 2025-01;DEMO202501000005;ABONNEMENT DEMO;Prelevement;Telephonie et internet;Telephone mobile;-14,99;;11/01/2025;11/01/2025;0
11/01/2025;UBER;CB UBER TRIP FACT 100125;DEMO202501000021;;Carte bancaire;Transport;Taxi et VTC;-19,59;;10/01/2025;11/01/2025;0
09/01/2025;FIBRE NOVA;PRLV SEPA FIBRE NOVA 2025-01;DEMO202501000004;ABONNEMENT DEMO;Prelevement;Telephonie et internet;Internet;-29,99;;09/01/2025;09/01/2025;0
09/01/2025;LIDL;CB LIDL FACT 080125;DEMO202501000015;;Carte bancaire;Alimentation;Supermarche;-84,96;;08/01/2025;09/01/2025;0
07/01/2025;ENERGIE CLAIRE;PRLV SEPA ENERGIE CLAIRE 2025-01;DEMO202501000003;FACTURE MENSUELLE ENERGIE DEMO;Prelevement;Logement et immobilier;Electricite, gaz et eau;-98,00;;07/01/2025;07/01/2025;0
07/01/2025;SUSHI DEMO;CB SUSHI DEMO FACT 060125;DEMO202501000019;;Carte bancaire;Alimentation;Restaurants et cafes;-25,60;;06/01/2025;07/01/2025;0
03/01/2025;RESIDENCE DES LILAS;VIR SEPA LOYER 2025-01;DEMO202501000002;LOYER ET CHARGES DONNEES FICTIVES;Virement;Logement et immobilier;Loyer et charges;-820,00;;03/01/2025;03/01/2025;0
03/01/2025;LIDL;CB LIDL FACT 020125;DEMO202501000014;;Carte bancaire;Alimentation;Supermarche;-60,63;;02/01/2025;03/01/2025;0
